{
    "average": {
        "dice": 0.8315009618400565,
        "iou": 0.7311289436489579,
        "accuracy": 0.8894780476888021,
        "sensitivity": 0.968721975199612,
        "specificity": 0.817846386132559
    },
    "std": {
        "dice": 0.13505057697044126,
        "iou": 0.1708047228672231,
        "accuracy": 0.13535005088355487,
        "sensitivity": 0.0611719626825791,
        "specificity": 0.2492404875790239
    },
    "per_image": {
        "IMD010.png": {
            "dice": 0.7319456460884869,
            "iou": 0.5772194573763226,
            "accuracy": 0.9196319580078125,
            "sensitivity": 0.9999999999986093,
            "specificity": 0.9097266261031949
        },
        "IMD013.png": {
            "dice": 0.8467289719623237,
            "iou": 0.7341977309557991,
            "accuracy": 0.93243408203125,
            "sensitivity": 0.9234428086063242,
            "specificity": 0.9347115182343168
        },
        "IMD014.png": {
            "dice": 0.7182441384871021,
            "iou": 0.5603595505616299,
            "accuracy": 0.7761077880859375,
            "sensitivity": 0.6734120697102572,
            "specificity": 0.851631183137154
        },
        "IMD031.png": {
            "dice": 0.9823439211389943,
            "iou": 0.9653004993970714,
            "accuracy": 0.97540283203125,
            "sensitivity": 0.9939931286709534,
            "specificity": 0.9343323049797099
        },
        "IMD032.png": {
            "dice": 0.8574774363074292,
            "iou": 0.7505124743760936,
            "accuracy": 0.84771728515625,
            "sensitivity": 0.9613192443160546,
            "specificity": 0.7443012884041439
        },
        "IMD036.png": {
            "dice": 0.8527836843656036,
            "iou": 0.7433503801713497,
            "accuracy": 0.8552703857421875,
            "sensitivity": 0.999999999999636,
            "specificity": 0.7508144178224173
        },
        "IMD038.png": {
            "dice": 0.7864976984708834,
            "iou": 0.6481221316843232,
            "accuracy": 0.9426727294921875,
            "sensitivity": 0.9999999999985549,
            "specificity": 0.9359048723896316
        },
        "IMD045.png": {
            "dice": 0.815359252644034,
            "iou": 0.6882755421539043,
            "accuracy": 0.958984375,
            "sensitivity": 0.9984858681006082,
            "specificity": 0.9550443012483295
        },
        "IMD085.png": {
            "dice": 0.43352802852151506,
            "iou": 0.27675441145131874,
            "accuracy": 0.4302520751953125,
            "sensitivity": 0.9999999999993,
            "specificity": 0.27140571339364045
        },
        "IMD101.png": {
            "dice": 0.9452271586828599,
            "iou": 0.8961428675984054,
            "accuracy": 0.9350433349609375,
            "sensitivity": 0.9844026370796527,
            "specificity": 0.8697824392314968
        },
        "IMD103.png": {
            "dice": 0.8651235890835368,
            "iou": 0.7623064333365702,
            "accuracy": 0.97119140625,
            "sensitivity": 0.9999999999983485,
            "specificity": 0.9682587717084501
        },
        "IMD105.png": {
            "dice": 0.853552980594127,
            "iou": 0.7445202143195999,
            "accuracy": 0.967987060546875,
            "sensitivity": 0.9536733738871414,
            "specificity": 0.969539112050576
        },
        "IMD108.png": {
            "dice": 0.886756611952225,
            "iou": 0.7965523276156837,
            "accuracy": 0.9645233154296875,
            "sensitivity": 0.9993413107904277,
            "specificity": 0.9589026529851031
        },
        "IMD120.png": {
            "dice": 0.9557628390691636,
            "iou": 0.9152737278734587,
            "accuracy": 0.9685211181640625,
            "sensitivity": 0.963635577463154,
            "specificity": 0.9711853615975451
        },
        "IMD138.png": {
            "dice": 0.9534969099917537,
            "iou": 0.911126702917084,
            "accuracy": 0.976806640625,
            "sensitivity": 0.9759503976946352,
            "specificity": 0.9770824507250546
        },
        "IMD204.png": {
            "dice": 0.7928843710281055,
            "iou": 0.6568421052616215,
            "accuracy": 0.9776153564453125,
            "sensitivity": 0.9999999999964387,
            "specificity": 0.9766133146280805
        },
        "IMD206.png": {
            "dice": 0.6597192683960763,
            "iou": 0.49222469057403023,
            "accuracy": 0.90234375,
            "sensitivity": 0.9999999999983882,
            "specificity": 0.8921324074696805
        },
        "IMD226.png": {
            "dice": 0.7930483329954767,
            "iou": 0.657067183944247,
            "accuracy": 0.8597259521484375,
            "sensitivity": 0.9959852982748114,
            "specificity": 0.8093665754110031
        },
        "IMD312.png": {
            "dice": 0.8778730830638009,
            "iou": 0.78232958305706,
            "accuracy": 0.9498138427734375,
            "sensitivity": 0.998985886925548,
            "specificity": 0.9389792004169342
        },
        "IMD365.png": {
            "dice": 0.8919876557315739,
            "iou": 0.8050340416744325,
            "accuracy": 0.971160888671875,
            "sensitivity": 0.8979403981119571,
            "specificity": 0.9823555281905212
        },
        "IMD370.png": {
            "dice": 0.9495394473365666,
            "iou": 0.9039268013720435,
            "accuracy": 0.96923828125,
            "sensitivity": 0.987145459276093,
            "specificity": 0.9618099781954272
        },
        "IMD380.png": {
            "dice": 0.956355620866541,
            "iou": 0.9163615882841298,
            "accuracy": 0.9864044189453125,
            "sensitivity": 0.9631018153108099,
            "specificity": 0.9906678700359223
        },
        "IMD383.png": {
            "dice": 0.8884097035034444,
            "iou": 0.7992240543152288,
            "accuracy": 0.9747314453125,
            "sensitivity": 0.9935192162758198,
            "specificity": 0.9726150659579681
        },
        "IMD394.png": {
            "dice": 0.8931091671812647,
            "iou": 0.806862917914797,
            "accuracy": 0.9498443603515625,
            "sensitivity": 0.9985456660842069,
            "specificity": 0.9369110149851427
        },
        "IMD397.png": {
            "dice": 0.9492805833931685,
            "iou": 0.9034577341863089,
            "accuracy": 0.9645538330078125,
            "sensitivity": 0.9498820239443546,
            "specificity": 0.9724267291908624
        },
        "IMD405.png": {
            "dice": 0.4064288277398239,
            "iou": 0.2550427836639278,
            "accuracy": 0.5204315185546875,
            "sensitivity": 0.9999999999990705,
            "specificity": 0.42622681466327844
        },
        "IMD425.png": {
            "dice": 0.930866043180394,
            "iou": 0.8706729753018763,
            "accuracy": 0.878631591796875,
            "sensitivity": 0.9639957514985034,
            "specificity": 0.40382497246379906
        },
        "IMD426.png": {
            "dice": 0.7353294942892551,
            "iou": 0.5814395852269836,
            "accuracy": 0.6205902099609375,
            "sensitivity": 0.9175698650512918,
            "specificity": 0.21977627993682067
        },
        "IMD429.png": {
            "dice": 0.8508128432923467,
            "iou": 0.7403605568738433,
            "accuracy": 0.9382476806640625,
            "sensitivity": 0.9758159986462237,
            "specificity": 0.9299757959409924
        },
        "IMD435.png": {
            "dice": 0.8845555458438175,
            "iou": 0.7930072560295894,
            "accuracy": 0.7984619140625,
            "sensitivity": 0.9915154602811868,
            "specificity": 0.11908702247957585
        }
    },
    "num_images": 30
}