{
    "average": {
        "dice": 0.40716962800171963,
        "iou": 0.28647257486961675,
        "accuracy": 0.28647257486979166,
        "sensitivity": 0.9999999999963595,
        "specificity": 0.0
    },
    "std": {
        "dice": 0.23086165289750196,
        "iou": 0.21523103121943024,
        "accuracy": 0.21523103121956158,
        "sensitivity": 2.790422762580311e-12,
        "specificity": 0.0
    },
    "per_image": {
        "IMD010.png": {
            "dice": 0.1983725533317581,
            "iou": 0.11010742187493279,
            "accuracy": 0.110107421875,
            "sensitivity": 0.9999999999944568,
            "specificity": 0.0
        },
        "IMD013.png": {
            "dice": 0.3362274689005655,
            "iou": 0.20208740234362665,
            "accuracy": 0.20208740234375,
            "sensitivity": 0.9999999999969797,
            "specificity": 0.0
        },
        "IMD014.png": {
            "dice": 0.594492579565671,
            "iou": 0.4229736328122418,
            "accuracy": 0.4229736328125,
            "sensitivity": 0.999999999998557,
            "specificity": 0.0
        },
        "IMD031.png": {
            "dice": 0.8157571376939589,
            "iou": 0.6888427734370796,
            "accuracy": 0.6888427734375,
            "sensitivity": 0.9999999999991138,
            "specificity": 0.0
        },
        "IMD032.png": {
            "dice": 0.6451666253201666,
            "iou": 0.47619628906220934,
            "accuracy": 0.4761962890625,
            "sensitivity": 0.9999999999987182,
            "specificity": 0.0
        },
        "IMD036.png": {
            "dice": 0.5905024088091059,
            "iou": 0.41894531249974426,
            "accuracy": 0.4189453125,
            "sensitivity": 0.9999999999985432,
            "specificity": 0.0
        },
        "IMD038.png": {
            "dice": 0.19051300458325113,
            "iou": 0.10528564453118573,
            "accuracy": 0.10528564453125,
            "sensitivity": 0.999999999994203,
            "specificity": 0.0
        },
        "IMD045.png": {
            "dice": 0.166209636801071,
            "iou": 0.09063720703119467,
            "accuracy": 0.09063720703125,
            "sensitivity": 0.999999999993266,
            "specificity": 0.0
        },
        "IMD085.png": {
            "dice": 0.3571643437278867,
            "iou": 0.2174072265623673,
            "accuracy": 0.2174072265625,
            "sensitivity": 0.9999999999971926,
            "specificity": 0.0
        },
        "IMD101.png": {
            "dice": 0.7257242854362335,
            "iou": 0.5695190429684024,
            "accuracy": 0.56951904296875,
            "sensitivity": 0.9999999999989282,
            "specificity": 0.0
        },
        "IMD103.png": {
            "dice": 0.16887398714715346,
            "iou": 0.09222412109369371,
            "accuracy": 0.09222412109375,
            "sensitivity": 0.999999999993382,
            "specificity": 0.0
        },
        "IMD105.png": {
            "dice": 0.17753058954383896,
            "iou": 0.09741210937494053,
            "accuracy": 0.097412109375,
            "sensitivity": 0.9999999999937345,
            "specificity": 0.0
        },
        "IMD108.png": {
            "dice": 0.24403836879039492,
            "iou": 0.13897705078116518,
            "accuracy": 0.13897705078125,
            "sensitivity": 0.9999999999956083,
            "specificity": 0.0
        },
        "IMD120.png": {
            "dice": 0.5207656193569336,
            "iou": 0.3520507812497851,
            "accuracy": 0.35205078125,
            "sensitivity": 0.9999999999982663,
            "specificity": 0.0
        },
        "IMD138.png": {
            "dice": 0.3907278263429964,
            "iou": 0.24279785156235179,
            "accuracy": 0.2427978515625,
            "sensitivity": 0.9999999999974862,
            "specificity": 0.0
        },
        "IMD204.png": {
            "dice": 0.08093704245968905,
            "iou": 0.04217529296872426,
            "accuracy": 0.04217529296875,
            "sensitivity": 0.9999999999855282,
            "specificity": 0.0
        },
        "IMD206.png": {
            "dice": 0.17204061140233623,
            "iou": 0.09411621093744255,
            "accuracy": 0.0941162109375,
            "sensitivity": 0.999999999993515,
            "specificity": 0.0
        },
        "IMD226.png": {
            "dice": 0.4244638907585227,
            "iou": 0.2694091796873356,
            "accuracy": 0.2694091796875,
            "sensitivity": 0.9999999999977345,
            "specificity": 0.0
        },
        "IMD312.png": {
            "dice": 0.3058628890495782,
            "iou": 0.1805419921873898,
            "accuracy": 0.1805419921875,
            "sensitivity": 0.9999999999966194,
            "specificity": 0.0
        },
        "IMD365.png": {
            "dice": 0.2336262196106767,
            "iou": 0.13226318359366926,
            "accuracy": 0.13226318359375,
            "sensitivity": 0.9999999999953854,
            "specificity": 0.0
        },
        "IMD370.png": {
            "dice": 0.45266090569936596,
            "iou": 0.2925415039060714,
            "accuracy": 0.29254150390625,
            "sensitivity": 0.9999999999979137,
            "specificity": 0.0
        },
        "IMD380.png": {
            "dice": 0.2670685916757803,
            "iou": 0.15411376953115594,
            "accuracy": 0.15411376953125,
            "sensitivity": 0.9999999999960396,
            "specificity": 0.0
        },
        "IMD383.png": {
            "dice": 0.18349132435268944,
            "iou": 0.10101318359368834,
            "accuracy": 0.10101318359375,
            "sensitivity": 0.9999999999939577,
            "specificity": 0.0
        },
        "IMD394.png": {
            "dice": 0.3459694109331452,
            "iou": 0.20916748046862232,
            "accuracy": 0.20916748046875,
            "sensitivity": 0.999999999997082,
            "specificity": 0.0
        },
        "IMD397.png": {
            "dice": 0.5175533840026613,
            "iou": 0.3491210937497869,
            "accuracy": 0.34912109375,
            "sensitivity": 0.9999999999982517,
            "specificity": 0.0
        },
        "IMD405.png": {
            "dice": 0.28160889401631883,
            "iou": 0.16387939453114997,
            "accuracy": 0.16387939453125,
            "sensitivity": 0.9999999999962756,
            "specificity": 0.0
        },
        "IMD425.png": {
            "dice": 0.9176548307181114,
            "iou": 0.8478393554682325,
            "accuracy": 0.84783935546875,
            "sensitivity": 0.99999999999928,
            "specificity": 0.0
        },
        "IMD426.png": {
            "dice": 0.7290357613836285,
            "iou": 0.5736083984371498,
            "accuracy": 0.5736083984375,
            "sensitivity": 0.9999999999989359,
            "specificity": 0.0
        },
        "IMD429.png": {
            "dice": 0.3055124625088915,
            "iou": 0.18029785156238995,
            "accuracy": 0.1802978515625,
            "sensitivity": 0.9999999999966148,
            "specificity": 0.0
        },
        "IMD435.png": {
            "dice": 0.8755361861292078,
            "iou": 0.7786254882807747,
            "accuracy": 0.77862548828125,
            "sensitivity": 0.9999999999992161,
            "specificity": 0.0
        }
    },
    "num_images": 30
}