{
    "average": {
        "dice": 0.7961057346807957,
        "iou": 0.6837743299762226,
        "accuracy": 0.8697789510091146,
        "sensitivity": 0.9078003453330663,
        "specificity": 0.8658997088953903
    },
    "std": {
        "dice": 0.15103951467541868,
        "iou": 0.18086827858660617,
        "accuracy": 0.1284633737562168,
        "sensitivity": 0.08897694708115768,
        "specificity": 0.157828730032859
    },
    "per_image": {
        "IMD010.png": {
            "dice": 0.3561223226444581,
            "iou": 0.21663553654268344,
            "accuracy": 0.6032257080078125,
            "sensitivity": 0.9999999999986093,
            "specificity": 0.5543234210299847
        },
        "IMD013.png": {
            "dice": 0.8726430458539782,
            "iou": 0.7740609951840937,
            "accuracy": 0.9463043212890625,
            "sensitivity": 0.9102302755750017,
            "specificity": 0.9554416630010987
        },
        "IMD014.png": {
            "dice": 0.799677519834216,
            "iou": 0.6662188978779832,
            "accuracy": 0.8331756591796875,
            "sensitivity": 0.7857554371306403,
            "specificity": 0.8680489354938916
        },
        "IMD031.png": {
            "dice": 0.905124735930012,
            "iou": 0.8266921042360433,
            "accuracy": 0.878021240234375,
            "sensitivity": 0.8452177767924537,
            "specificity": 0.9504921404431954
        },
        "IMD032.png": {
            "dice": 0.8673919073005536,
            "iou": 0.7658358728774582,
            "accuracy": 0.868682861328125,
            "sensitivity": 0.9012487992312196,
            "specificity": 0.8390369031653825
        },
        "IMD036.png": {
            "dice": 0.7965956706440683,
            "iou": 0.6619518072287562,
            "accuracy": 0.7859344482421875,
            "sensitivity": 0.9999635993007425,
            "specificity": 0.6314627994954205
        },
        "IMD038.png": {
            "dice": 0.6798644201008597,
            "iou": 0.5149959068240567,
            "accuracy": 0.9005584716796875,
            "sensitivity": 0.9999999999985549,
            "specificity": 0.8888187525588767
        },
        "IMD045.png": {
            "dice": 0.8451196088695258,
            "iou": 0.7317810704555008,
            "accuracy": 0.972930908203125,
            "sensitivity": 0.8142664872126274,
            "specificity": 0.9887568801179708
        },
        "IMD085.png": {
            "dice": 0.3756606332724731,
            "iou": 0.2312697955657489,
            "accuracy": 0.3889312744140625,
            "sensitivity": 0.843225083985972,
            "specificity": 0.2622736497033519
        },
        "IMD101.png": {
            "dice": 0.8978849924045523,
            "iou": 0.8146926466082005,
            "accuracy": 0.8799896240234375,
            "sensitivity": 0.9266763145197711,
            "specificity": 0.8182623485221393
        },
        "IMD103.png": {
            "dice": 0.9264444272558384,
            "iou": 0.8629682997105721,
            "accuracy": 0.9854888916015625,
            "sensitivity": 0.9890999174219833,
            "specificity": 0.9851212992382467
        },
        "IMD105.png": {
            "dice": 0.6038272072751971,
            "iou": 0.43248744741455253,
            "accuracy": 0.87237548828125,
            "sensitivity": 0.9942286694727902,
            "specificity": 0.8591627906975291
        },
        "IMD108.png": {
            "dice": 0.884394092175761,
            "iou": 0.7927477669068558,
            "accuracy": 0.9702606201171875,
            "sensitivity": 0.818421341529456,
            "specificity": 0.9947720063088602
        },
        "IMD120.png": {
            "dice": 0.8764006791169617,
            "iou": 0.7799939558776141,
            "accuracy": 0.9111328125,
            "sensitivity": 0.892809270549188,
            "specificity": 0.9211252328513002
        },
        "IMD138.png": {
            "dice": 0.8188863228122097,
            "iou": 0.6933171113232409,
            "accuracy": 0.892303466796875,
            "sensitivity": 0.9993110791000192,
            "specificity": 0.8578345336801514
        },
        "IMD204.png": {
            "dice": 0.8816727387915703,
            "iou": 0.7883852691195796,
            "accuracy": 0.9886016845703125,
            "sensitivity": 0.9910968660933366,
            "specificity": 0.9884899885217147
        },
        "IMD206.png": {
            "dice": 0.5868053913451942,
            "iou": 0.4152332507861487,
            "accuracy": 0.8666839599609375,
            "sensitivity": 0.9999999999983882,
            "specificity": 0.8527438818848425
        },
        "IMD226.png": {
            "dice": 0.6814286827138971,
            "iou": 0.5167931941037672,
            "accuracy": 0.750396728515625,
            "sensitivity": 0.9892564320039642,
            "specificity": 0.6621178240787733
        },
        "IMD312.png": {
            "dice": 0.9078189618517729,
            "iou": 0.8311982447442626,
            "accuracy": 0.9636077880859375,
            "sensitivity": 0.992478661369904,
            "specificity": 0.9572463363311254
        },
        "IMD365.png": {
            "dice": 0.9441964285709016,
            "iou": 0.8942917547559256,
            "accuracy": 0.9847412109375,
            "sensitivity": 0.9734207801162427,
            "specificity": 0.9864719852228012
        },
        "IMD370.png": {
            "dice": 0.941237225483545,
            "iou": 0.8889972788412542,
            "accuracy": 0.967010498046875,
            "sensitivity": 0.9011189175118911,
            "specificity": 0.9943438181384266
        },
        "IMD380.png": {
            "dice": 0.897721711706325,
            "iou": 0.8144238358318721,
            "accuracy": 0.9712982177734375,
            "sensitivity": 0.8144238358318721,
            "specificity": 0.9999999999998196
        },
        "IMD383.png": {
            "dice": 0.7846574661191192,
            "iou": 0.6456265984648126,
            "accuracy": 0.9471435546875,
            "sensitivity": 0.9511680482276547,
            "specificity": 0.9466902089945932
        },
        "IMD394.png": {
            "dice": 0.9298936015154752,
            "iou": 0.8689730318708329,
            "accuracy": 0.97064208984375,
            "sensitivity": 0.927865037812007,
            "specificity": 0.9820021628300283
        },
        "IMD397.png": {
            "dice": 0.901551213735725,
            "iou": 0.820749428657315,
            "accuracy": 0.9365692138671875,
            "sensitivity": 0.8316874945377821,
            "specificity": 0.9928487690501776
        },
        "IMD405.png": {
            "dice": 0.6380975086420795,
            "iou": 0.46853391684881024,
            "accuracy": 0.814697265625,
            "sensitivity": 0.9949814126384804,
            "specificity": 0.7792828976192532
        },
        "IMD425.png": {
            "dice": 0.7657182317460519,
            "iou": 0.6203755507377055,
            "accuracy": 0.6686859130859375,
            "sensitivity": 0.6387693747861098,
            "specificity": 0.8350856112938468
        },
        "IMD426.png": {
            "dice": 0.8784990904399992,
            "iou": 0.7833244564952349,
            "accuracy": 0.863433837890625,
            "sensitivity": 0.8595260864942994,
            "specificity": 0.8687078732249861
        },
        "IMD429.png": {
            "dice": 0.7786083956293737,
            "iou": 0.6374764595099576,
            "accuracy": 0.9118804931640625,
            "sensitivity": 0.8587011669196188,
            "specificity": 0.9235896481100496
        },
        "IMD435.png": {
            "dice": 0.8592278066421795,
            "iou": 0.7531984138858385,
            "accuracy": 0.7986602783203125,
            "sensitivity": 0.7890621938314087,
            "specificity": 0.8324369052538736
        }
    },
    "num_images": 30
}