{
    "average": {
        "dice": 0.833534710172404,
        "iou": 0.7349594828988716,
        "accuracy": 0.8858963012695312,
        "sensitivity": 0.8730652723181446,
        "specificity": 0.9191475412414136
    },
    "std": {
        "dice": 0.137578009159472,
        "iou": 0.17450396921125386,
        "accuracy": 0.14549630257988153,
        "sensitivity": 0.14525275639104795,
        "specificity": 0.16252811372647685
    },
    "per_image": {
        "IMD010.png": {
            "dice": 0.4436013694826058,
            "iou": 0.2850178359095184,
            "accuracy": 0.7247467041015625,
            "sensitivity": 0.9999999999986093,
            "specificity": 0.690821835632755
        },
        "IMD013.png": {
            "dice": 0.8882817009809935,
            "iou": 0.7990168928269183,
            "accuracy": 0.9557037353515625,
            "sensitivity": 0.871347678368538,
            "specificity": 0.9770706240077687
        },
        "IMD014.png": {
            "dice": 0.7715903159752737,
            "iou": 0.6281213230485593,
            "accuracy": 0.826385498046875,
            "sensitivity": 0.6919919343220898,
            "specificity": 0.9252197860393695
        },
        "IMD031.png": {
            "dice": 0.9826484835601393,
            "iou": 0.9658888473463314,
            "accuracy": 0.9763336181640625,
            "sensitivity": 0.9734678044993964,
            "specificity": 0.982664903775044
        },
        "IMD032.png": {
            "dice": 0.8533900718723963,
            "iou": 0.7442723553475324,
            "accuracy": 0.8664703369140625,
            "sensitivity": 0.815529939160802,
            "specificity": 0.912843234419369
        },
        "IMD036.png": {
            "dice": 0.7967906679820097,
            "iou": 0.6622211503676204,
            "accuracy": 0.786285400390625,
            "sensitivity": 0.9995267909140217,
            "specificity": 0.6323823034886947
        },
        "IMD038.png": {
            "dice": 0.80236535451284,
            "iou": 0.6699583696382322,
            "accuracy": 0.9479827880859375,
            "sensitivity": 0.9999999999985549,
            "specificity": 0.9418418179335094
        },
        "IMD045.png": {
            "dice": 0.8445900375750606,
            "iou": 0.7309873248820364,
            "accuracy": 0.9753875732421875,
            "sensitivity": 0.737382234184493,
            "specificity": 0.9991273996507922
        },
        "IMD085.png": {
            "dice": 0.4048131980270417,
            "iou": 0.2537716570412699,
            "accuracy": 0.359222412109375,
            "sensitivity": 0.9995100783867584,
            "specificity": 0.18070949110205653
        },
        "IMD101.png": {
            "dice": 0.9269069368918343,
            "iou": 0.8637712503770084,
            "accuracy": 0.9173431396484375,
            "sensitivity": 0.9204856086185024,
            "specificity": 0.9131882928208798
        },
        "IMD103.png": {
            "dice": 0.9599488368367095,
            "iou": 0.9229823212898955,
            "accuracy": 0.9923553466796875,
            "sensitivity": 0.9915772089166118,
            "specificity": 0.9924345589346191
        },
        "IMD105.png": {
            "dice": 0.870567254269243,
            "iou": 0.7708004372637303,
            "accuracy": 0.9712066650390625,
            "sensitivity": 0.989861176102028,
            "specificity": 0.9691839323465592
        },
        "IMD108.png": {
            "dice": 0.8922260418545972,
            "iou": 0.8054224738667187,
            "accuracy": 0.9727325439453125,
            "sensitivity": 0.8120540125142034,
            "specificity": 0.9986708490614425
        },
        "IMD120.png": {
            "dice": 0.8828349423120125,
            "iou": 0.7902457530663111,
            "accuracy": 0.924072265625,
            "sensitivity": 0.8106109741856659,
            "specificity": 0.9859463793060469
        },
        "IMD138.png": {
            "dice": 0.874455315300262,
            "iou": 0.7769174579981607,
            "accuracy": 0.9300994873046875,
            "sensitivity": 0.999185820754682,
            "specificity": 0.9078456293245966
        },
        "IMD204.png": {
            "dice": 0.941500344114003,
            "iou": 0.889466840049124,
            "accuracy": 0.99481201171875,
            "sensitivity": 0.9743589743555044,
            "specificity": 0.9957275857669629
        },
        "IMD206.png": {
            "dice": 0.7721613545811926,
            "iou": 0.6288785236254016,
            "accuracy": 0.94415283203125,
            "sensitivity": 0.9996776273355905,
            "specificity": 0.938346929144317
        },
        "IMD226.png": {
            "dice": 0.7497915492956058,
            "iou": 0.5997332275854934,
            "accuracy": 0.8305816650390625,
            "sensitivity": 0.9406841956454958,
            "specificity": 0.7898894484962091
        },
        "IMD312.png": {
            "dice": 0.9376200008166438,
            "iou": 0.8825655617927535,
            "accuracy": 0.9766998291015625,
            "sensitivity": 0.9698301360593511,
            "specificity": 0.9782135076250902
        },
        "IMD365.png": {
            "dice": 0.9599767644490502,
            "iou": 0.9230339588908366,
            "accuracy": 0.9894866943359375,
            "sensitivity": 0.9507536532033704,
            "specificity": 0.9954085671561271
        },
        "IMD370.png": {
            "dice": 0.9273422028837399,
            "iou": 0.8645275365329115,
            "accuracy": 0.9602508544921875,
            "sensitivity": 0.865157429091405,
            "specificity": 0.9996977612743682
        },
        "IMD380.png": {
            "dice": 0.8612515447697667,
            "iou": 0.7563141278603429,
            "accuracy": 0.962310791015625,
            "sensitivity": 0.7563141278603429,
            "specificity": 0.9999999999998196
        },
        "IMD383.png": {
            "dice": 0.9456098863369092,
            "iou": 0.8968311387629911,
            "accuracy": 0.9891204833984375,
            "sensitivity": 0.9341371514680722,
            "specificity": 0.9953141712363126
        },
        "IMD394.png": {
            "dice": 0.9324469862959363,
            "iou": 0.8734432616705813,
            "accuracy": 0.9722442626953125,
            "sensitivity": 0.9128853984868288,
            "specificity": 0.988007878881317
        },
        "IMD397.png": {
            "dice": 0.7996748223321534,
            "iou": 0.6662151533685807,
            "accuracy": 0.8834381103515625,
            "sensitivity": 0.6662151533685807,
            "specificity": 0.9999999999997656
        },
        "IMD405.png": {
            "dice": 0.9144799456148133,
            "iou": 0.8424348697387755,
            "accuracy": 0.9712066650390625,
            "sensitivity": 0.9376394052035895,
            "specificity": 0.9778004965676614
        },
        "IMD425.png": {
            "dice": 0.6013610225245962,
            "iou": 0.4299615785126163,
            "accuracy": 0.515533447265625,
            "sensitivity": 0.4311148715547659,
            "specificity": 0.9850806047852356
        },
        "IMD426.png": {
            "dice": 0.7367965367964141,
            "iou": 0.5832762165865495,
            "accuracy": 0.7587890625,
            "sensitivity": 0.5877696312823856,
            "specificity": 0.9896027534773448
        },
        "IMD429.png": {
            "dice": 0.9438589461026071,
            "iou": 0.8936864471081395,
            "accuracy": 0.9786224365234375,
            "sensitivity": 0.995856587179946,
            "specificity": 0.9748277788119578
        },
        "IMD435.png": {
            "dice": 0.7871588708256603,
            "iou": 0.6490205946112092,
            "accuracy": 0.7233123779296875,
            "sensitivity": 0.6570325665241492,
            "specificity": 0.9565577161764194
        }
    },
    "num_images": 30
}