{
    "average": {
        "dice": 0.7367577403930156,
        "iou": 0.5979088209851494,
        "accuracy": 0.8596038818359375,
        "sensitivity": 0.7491987232223154,
        "specificity": 0.9138029558741245
    },
    "std": {
        "dice": 0.12714472141881822,
        "iou": 0.1471623428211932,
        "accuracy": 0.1309509962465926,
        "sensitivity": 0.1895877980315101,
        "specificity": 0.12332262139426454
    },
    "per_image": {
        "IMD010.png": {
            "dice": 0.7064084922347619,
            "iou": 0.5460831243822307,
            "accuracy": 0.908843994140625,
            "sensitivity": 0.9994437491294682,
            "specificity": 0.8976776073355219
        },
        "IMD013.png": {
            "dice": 0.6972148098729581,
            "iou": 0.5351725020799237,
            "accuracy": 0.889190673828125,
            "sensitivity": 0.6312570781422188,
            "specificity": 0.9545237230114256
        },
        "IMD014.png": {
            "dice": 0.6066862345155448,
            "iou": 0.43542685757116595,
            "accuracy": 0.75872802734375,
            "sensitivity": 0.4391113351575547,
            "specificity": 0.9937771422516171
        },
        "IMD031.png": {
            "dice": 0.9352340435532623,
            "iou": 0.8783470563561779,
            "accuracy": 0.9159088134765625,
            "sensitivity": 0.8819683032248959,
            "specificity": 0.9908917291019094
        },
        "IMD032.png": {
            "dice": 0.6191361399670599,
            "iou": 0.4483687044661234,
            "accuracy": 0.7342681884765625,
            "sensitivity": 0.45325008005108763,
            "specificity": 0.9900891972246867
        },
        "IMD036.png": {
            "dice": 0.8919873098509897,
            "iou": 0.8050334782095604,
            "accuracy": 0.8986968994140625,
            "sensitivity": 0.9978523587649251,
            "specificity": 0.8271332492641795
        },
        "IMD038.png": {
            "dice": 0.7860849729108719,
            "iou": 0.6475617776936506,
            "accuracy": 0.9427642822265625,
            "sensitivity": 0.9959537572239943,
            "specificity": 0.9364849187933437
        },
        "IMD045.png": {
            "dice": 0.4170090386191279,
            "iou": 0.26343109265473214,
            "accuracy": 0.91339111328125,
            "sensitivity": 0.34152086137223836,
            "specificity": 0.9704322727881309
        },
        "IMD085.png": {
            "dice": 0.3587951519696642,
            "iou": 0.218616921830487,
            "accuracy": 0.4260406494140625,
            "sensitivity": 0.7365621500554755,
            "specificity": 0.33946690602553475
        },
        "IMD101.png": {
            "dice": 0.8477973314928618,
            "iou": 0.735805735106757,
            "accuracy": 0.838470458984375,
            "sensitivity": 0.7901323899874605,
            "specificity": 0.9023811211108701
        },
        "IMD103.png": {
            "dice": 0.8038100863909002,
            "iou": 0.6719753086411457,
            "accuracy": 0.9594573974609375,
            "sensitivity": 0.898926507017508,
            "specificity": 0.9656192733812536
        },
        "IMD105.png": {
            "dice": 0.7748459034553813,
            "iou": 0.632447710570229,
            "accuracy": 0.9503936767578125,
            "sensitivity": 0.8725627827158438,
            "specificity": 0.9588329809723537
        },
        "IMD108.png": {
            "dice": 0.6983405893111878,
            "iou": 0.536500242364967,
            "accuracy": 0.9270477294921875,
            "sensitivity": 0.6075310132828987,
            "specificity": 0.9786272529106672
        },
        "IMD120.png": {
            "dice": 0.7609521209261186,
            "iou": 0.6141426282048821,
            "accuracy": 0.8530426025390625,
            "sensitivity": 0.6628183508450457,
            "specificity": 0.9567780423964355
        },
        "IMD138.png": {
            "dice": 0.8473938302918891,
            "iou": 0.7351980690043375,
            "accuracy": 0.9146270751953125,
            "sensitivity": 0.9728815682338743,
            "specificity": 0.8958623333129787
        },
        "IMD204.png": {
            "dice": 0.6758338209469341,
            "iou": 0.5103844454252975,
            "accuracy": 0.9661865234375,
            "sensitivity": 0.8226495726466431,
            "specificity": 0.9726119117457958
        },
        "IMD206.png": {
            "dice": 0.7694176308887237,
            "iou": 0.6252467532461036,
            "accuracy": 0.9449615478515625,
            "sensitivity": 0.9700193423582044,
            "specificity": 0.9423414009301992
        },
        "IMD226.png": {
            "dice": 0.8103590590175376,
            "iou": 0.6811795316562527,
            "accuracy": 0.8878173828125,
            "sensitivity": 0.8882103477518302,
            "specificity": 0.8876721489622187
        },
        "IMD312.png": {
            "dice": 0.8278293773646251,
            "iou": 0.7062362435798193,
            "accuracy": 0.93890380859375,
            "sensitivity": 0.8134877038782949,
            "specificity": 0.9665381822242768
        },
        "IMD365.png": {
            "dice": 0.8260583198605915,
            "iou": 0.7036621442408408,
            "accuracy": 0.9556732177734375,
            "sensitivity": 0.7936946266243312,
            "specificity": 0.9804380332481344
        },
        "IMD370.png": {
            "dice": 0.7991163475697205,
            "iou": 0.6654402747114714,
            "accuracy": 0.89593505859375,
            "sensitivity": 0.7059588862863877,
            "specificity": 0.9747414779471569
        },
        "IMD380.png": {
            "dice": 0.694334313850432,
            "iou": 0.5317856793020552,
            "accuracy": 0.92706298828125,
            "sensitivity": 0.5356156274659277,
            "specificity": 0.9986823104691339
        },
        "IMD383.png": {
            "dice": 0.747307256235298,
            "iou": 0.5965606969107403,
            "accuracy": 0.945587158203125,
            "sensitivity": 0.7947249434803395,
            "specificity": 0.9625812804534791
        },
        "IMD394.png": {
            "dice": 0.8611795391969058,
            "iou": 0.7562030792716908,
            "accuracy": 0.9415283203125,
            "sensitivity": 0.8643106457236297,
            "specificity": 0.9620346052832995
        },
        "IMD397.png": {
            "dice": 0.6527378303574504,
            "iou": 0.48449206477060963,
            "accuracy": 0.804718017578125,
            "sensitivity": 0.5255614786329958,
            "specificity": 0.9545134818286156
        },
        "IMD405.png": {
            "dice": 0.8092494995298405,
            "iou": 0.679612982913141,
            "accuracy": 0.9287567138671875,
            "sensitivity": 0.9204460966534196,
            "specificity": 0.9303892215567164
        },
        "IMD425.png": {
            "dice": 0.6225382154282946,
            "iou": 0.45194590688543895,
            "accuracy": 0.513946533203125,
            "sensitivity": 0.47287979981629324,
            "specificity": 0.7423650745962327
        },
        "IMD426.png": {
            "dice": 0.603114597795259,
            "iou": 0.43175667584710054,
            "accuracy": 0.6379547119140625,
            "sensitivity": 0.4789076612473492,
            "specificity": 0.8526100674025339
        },
        "IMD429.png": {
            "dice": 0.8510109114245623,
            "iou": 0.7406605683955445,
            "accuracy": 0.943328857421875,
            "sensitivity": 0.8969220361906841,
            "specificity": 0.9535468255444138
        },
        "IMD435.png": {
            "dice": 0.8009494369617133,
            "iou": 0.6679863732620076,
            "accuracy": 0.724884033203125,
            "sensitivity": 0.7108006427086432,
            "specificity": 0.7744449041506175
        }
    },
    "num_images": 30
}