{
    "average": {
        "dice": 0.7681078496612707,
        "iou": 0.64328789102066,
        "accuracy": 0.8554387410481771,
        "sensitivity": 0.8870847507237418,
        "specificity": 0.8743640554262374
    },
    "std": {
        "dice": 0.14174910681096695,
        "iou": 0.1734005905060432,
        "accuracy": 0.14369567775060146,
        "sensitivity": 0.15301748921217848,
        "specificity": 0.15867877935565622
    },
    "per_image": {
        "IMD010.png": {
            "dice": 0.39221140472868304,
            "iou": 0.24394463667811794,
            "accuracy": 0.6599273681640625,
            "sensitivity": 0.9999999999986093,
            "specificity": 0.6180135401490071
        },
        "IMD013.png": {
            "dice": 0.8692437220876824,
            "iou": 0.7687277436058474,
            "accuracy": 0.94549560546875,
            "sensitivity": 0.8964137410336758,
            "specificity": 0.9579277504731296
        },
        "IMD014.png": {
            "dice": 0.7867710371818422,
            "iou": 0.6484934511901902,
            "accuracy": 0.833740234375,
            "sensitivity": 0.7238225550911984,
            "specificity": 0.9145747272532267
        },
        "IMD031.png": {
            "dice": 0.9798704122939946,
            "iou": 0.9605352340553687,
            "accuracy": 0.9724578857421875,
            "sensitivity": 0.9737781225754243,
            "specificity": 0.9695411586107587
        },
        "IMD032.png": {
            "dice": 0.8689033810924118,
            "iou": 0.7681955427747612,
            "accuracy": 0.8769989013671875,
            "sensitivity": 0.8553954530897037,
            "specificity": 0.8966653063601421
        },
        "IMD036.png": {
            "dice": 0.7577915804001715,
            "iou": 0.6100357785727216,
            "accuracy": 0.73223876953125,
            "sensitivity": 0.9992355853228745,
            "specificity": 0.5395386717106612
        },
        "IMD038.png": {
            "dice": 0.7087622266601583,
            "iou": 0.5489014039814794,
            "accuracy": 0.9132232666015625,
            "sensitivity": 0.9999999999985549,
            "specificity": 0.902978708884792
        },
        "IMD045.png": {
            "dice": 0.7894055732889401,
            "iou": 0.6520809578097889,
            "accuracy": 0.9627532958984375,
            "sensitivity": 0.7696837146689608,
            "specificity": 0.9820110081888539
        },
        "IMD085.png": {
            "dice": 0.41483613297303906,
            "iou": 0.26169921078953245,
            "accuracy": 0.39190673828125,
            "sensitivity": 0.9886618141090504,
            "specificity": 0.22553075241956264
        },
        "IMD101.png": {
            "dice": 0.9023728901515455,
            "iou": 0.8221124296721616,
            "accuracy": 0.8851776123046875,
            "sensitivity": 0.9320094334563618,
            "specificity": 0.823258450853652
        },
        "IMD103.png": {
            "dice": 0.8579327945549,
            "iou": 0.7512104283044678,
            "accuracy": 0.96942138671875,
            "sensitivity": 0.9993393889331142,
            "specificity": 0.9663758174877749
        },
        "IMD105.png": {
            "dice": 0.5779663311817583,
            "iou": 0.4064364605811816,
            "accuracy": 0.8573150634765625,
            "sensitivity": 0.998752144749651,
            "specificity": 0.841978858350809
        },
        "IMD108.png": {
            "dice": 0.8630335785413286,
            "iou": 0.7590669014077824,
            "accuracy": 0.9582366943359375,
            "sensitivity": 0.9466461741124748,
            "specificity": 0.9601077498359013
        },
        "IMD120.png": {
            "dice": 0.8513167560827116,
            "iou": 0.7411240310074647,
            "accuracy": 0.8980865478515625,
            "sensitivity": 0.8267825485359853,
            "specificity": 0.9369709259824714
        },
        "IMD138.png": {
            "dice": 0.7584437793927229,
            "iou": 0.6108815426994908,
            "accuracy": 0.844818115234375,
            "sensitivity": 0.9999373708267051,
            "specificity": 0.7948516209726251
        },
        "IMD204.png": {
            "dice": 0.7466063348406353,
            "iou": 0.5956678700348361,
            "accuracy": 0.970947265625,
            "sensitivity": 0.9989316239280666,
            "specificity": 0.9696945542658829
        },
        "IMD206.png": {
            "dice": 0.609759693350725,
            "iou": 0.4386002120887673,
            "accuracy": 0.8788299560546875,
            "sensitivity": 0.9999999999983882,
            "specificity": 0.86615991370578
        },
        "IMD226.png": {
            "dice": 0.7263845769738551,
            "iou": 0.5703327423971872,
            "accuracy": 0.8076934814453125,
            "sensitivity": 0.9459428894538049,
            "specificity": 0.7565986081793993
        },
        "IMD312.png": {
            "dice": 0.8558545347896268,
            "iou": 0.7480294777310169,
            "accuracy": 0.94000244140625,
            "sensitivity": 0.9864784923510636,
            "specificity": 0.9297618382583972
        },
        "IMD365.png": {
            "dice": 0.7052752293575093,
            "iou": 0.5447298494239246,
            "accuracy": 0.89019775390625,
            "sensitivity": 0.9906800138062469,
            "specificity": 0.8748350778431041
        },
        "IMD370.png": {
            "dice": 0.9322307916564809,
            "iou": 0.8730639396341973,
            "accuracy": 0.9609832763671875,
            "sensitivity": 0.9152745251101143,
            "specificity": 0.9799443017203904
        },
        "IMD380.png": {
            "dice": 0.8843067439013209,
            "iou": 0.7926074116406662,
            "accuracy": 0.9667816162109375,
            "sensitivity": 0.8208366219407844,
            "specificity": 0.9934837545124561
        },
        "IMD383.png": {
            "dice": 0.7167093993777116,
            "iou": 0.5584934534938288,
            "accuracy": 0.9207611083984375,
            "sensitivity": 0.9900527505636925,
            "specificity": 0.9129556374253557
        },
        "IMD394.png": {
            "dice": 0.9119042560721932,
            "iou": 0.8380735437677591,
            "accuracy": 0.9620361328125,
            "sensitivity": 0.9363728912151422,
            "specificity": 0.9688513826662737
        },
        "IMD397.png": {
            "dice": 0.7857253685025122,
            "iou": 0.6470738563759063,
            "accuracy": 0.873565673828125,
            "sensitivity": 0.6638119374287058,
            "specificity": 0.9861195779599096
        },
        "IMD405.png": {
            "dice": 0.9075329566850717,
            "iou": 0.830718841578322,
            "accuracy": 0.97003173828125,
            "sensitivity": 0.8957249070623645,
            "specificity": 0.9846283043666963
        },
        "IMD425.png": {
            "dice": 0.551971875998651,
            "iou": 0.38118864326570007,
            "accuracy": 0.4652252197265625,
            "sensitivity": 0.38864786044746286,
            "specificity": 0.8911585060569829
        },
        "IMD426.png": {
            "dice": 0.6903121065534606,
            "iou": 0.5270813832880855,
            "accuracy": 0.714752197265625,
            "sensitivity": 0.55347465731576,
            "specificity": 0.9324178976047137
        },
        "IMD429.png": {
            "dice": 0.8838610096747792,
            "iou": 0.7918915272525688,
            "accuracy": 0.9529266357421875,
            "sensitivity": 0.9926433282589272,
            "specificity": 0.9441817166261508
        },
        "IMD435.png": {
            "dice": 0.7559390114917043,
            "iou": 0.6076382255166773,
            "accuracy": 0.6866302490234375,
            "sensitivity": 0.6232119763293837,
            "specificity": 0.9098055440622604
        }
    },
    "num_images": 30
}