{
    "average": {
        "dice": 0.7599672730202329,
        "iou": 0.6260850808619707,
        "accuracy": 0.8638676961263021,
        "sensitivity": 0.7902532899163008,
        "specificity": 0.8964426253103526
    },
    "std": {
        "dice": 0.11693798632377955,
        "iou": 0.14143568410061577,
        "accuracy": 0.1372739820099464,
        "sensitivity": 0.15554322903872847,
        "specificity": 0.15782421624019444
    },
    "per_image": {
        "IMD010.png": {
            "dice": 0.679445312129926,
            "iou": 0.5145150885237513,
            "accuracy": 0.8966522216796875,
            "sensitivity": 0.9981921846739005,
            "specificity": 0.8841374582224897
        },
        "IMD013.png": {
            "dice": 0.7288576740339893,
            "iou": 0.5733879355170479,
            "accuracy": 0.8998565673828125,
            "sensitivity": 0.6659871649674095,
            "specificity": 0.9590942992100058
        },
        "IMD014.png": {
            "dice": 0.6390855175051083,
            "iou": 0.4696000562309448,
            "accuracy": 0.76971435546875,
            "sensitivity": 0.48113207547152487,
            "specificity": 0.981940472407324
        },
        "IMD031.png": {
            "dice": 0.9618954009325041,
            "iou": 0.9265881316743529,
            "accuracy": 0.949127197265625,
            "sensitivity": 0.9327496398091694,
            "specificity": 0.9853092404872507
        },
        "IMD032.png": {
            "dice": 0.8261889454569293,
            "iou": 0.703851733427864,
            "accuracy": 0.8473663330078125,
            "sensitivity": 0.7612552033298875,
            "specificity": 0.9257564274468241
        },
        "IMD036.png": {
            "dice": 0.8677906522586792,
            "iou": 0.7664577703671689,
            "accuracy": 0.87603759765625,
            "sensitivity": 0.9705154338959775,
            "specificity": 0.8078499369480854
        },
        "IMD038.png": {
            "dice": 0.7704253100007125,
            "iou": 0.6265786993396545,
            "accuracy": 0.939544677734375,
            "sensitivity": 0.9606936416171088,
            "specificity": 0.9370479050087115
        },
        "IMD045.png": {
            "dice": 0.47445931162124505,
            "iou": 0.31101059135005404,
            "accuracy": 0.9047088623046875,
            "sensitivity": 0.4742597577380985,
            "specificity": 0.9476439790574327
        },
        "IMD085.png": {
            "dice": 0.4129310095666908,
            "iou": 0.2601846624537415,
            "accuracy": 0.380126953125,
            "sensitivity": 0.9999300111975084,
            "specificity": 0.20732516390879502
        },
        "IMD101.png": {
            "dice": 0.8800866166088923,
            "iou": 0.7858523968558909,
            "accuracy": 0.869873046875,
            "sensitivity": 0.838693251862347,
            "specificity": 0.9110977251786155
        },
        "IMD103.png": {
            "dice": 0.797312771966717,
            "iou": 0.6629427446989172,
            "accuracy": 0.9594879150390625,
            "sensitivity": 0.8624277456633156,
            "specificity": 0.969368369731348
        },
        "IMD105.png": {
            "dice": 0.8451443569547968,
            "iou": 0.7318181818173064,
            "accuracy": 0.965789794921875,
            "sensitivity": 0.954297301511536,
            "specificity": 0.9670359408032192
        },
        "IMD108.png": {
            "dice": 0.769886890413023,
            "iou": 0.6258667470599679,
            "accuracy": 0.9431915283203125,
            "sensitivity": 0.6837193983964389,
            "specificity": 0.9850780654649397
        },
        "IMD120.png": {
            "dice": 0.7972982752380179,
            "iou": 0.662922700469067,
            "accuracy": 0.8717803955078125,
            "sensitivity": 0.71457603666679,
            "specificity": 0.9575090193117128
        },
        "IMD138.png": {
            "dice": 0.8946399883157896,
            "iou": 0.8093652555357489,
            "accuracy": 0.9449615478515625,
            "sensitivity": 0.9591031502467845,
            "specificity": 0.9404063023258609
        },
        "IMD204.png": {
            "dice": 0.6832784829953248,
            "iou": 0.5189240656974079,
            "accuracy": 0.9691619873046875,
            "sensitivity": 0.7763532763505115,
            "specificity": 0.9777930110953676
        },
        "IMD206.png": {
            "dice": 0.7860105059436093,
            "iou": 0.6474607150983289,
            "accuracy": 0.9527587890625,
            "sensitivity": 0.9165054803337903,
            "specificity": 0.95654958538378
        },
        "IMD226.png": {
            "dice": 0.6453512311618536,
            "iou": 0.47639745888918317,
            "accuracy": 0.737152099609375,
            "sensitivity": 0.8862312694368751,
            "specificity": 0.6820547115001396
        },
        "IMD312.png": {
            "dice": 0.8524292666828126,
            "iou": 0.7428119608965333,
            "accuracy": 0.945404052734375,
            "sensitivity": 0.8733203752210992,
            "specificity": 0.9612870789339588
        },
        "IMD365.png": {
            "dice": 0.8670038678959434,
            "iou": 0.7652310924361709,
            "accuracy": 0.9658966064453125,
            "sensitivity": 0.8382234495445423,
            "specificity": 0.9854164834196525
        },
        "IMD370.png": {
            "dice": 0.8420282926003764,
            "iou": 0.7271579151888439,
            "accuracy": 0.9142913818359375,
            "sensitivity": 0.7790788446522097,
            "specificity": 0.970380604909011
        },
        "IMD380.png": {
            "dice": 0.7414102852005718,
            "iou": 0.5890802034074502,
            "accuracy": 0.929718017578125,
            "sensitivity": 0.6514404104176682,
            "specificity": 0.9806317689528916
        },
        "IMD383.png": {
            "dice": 0.793441129582636,
            "iou": 0.6576066440157825,
            "accuracy": 0.9584808349609375,
            "sensitivity": 0.7876412961555574,
            "specificity": 0.977725335732674
        },
        "IMD394.png": {
            "dice": 0.8124999999997027,
            "iou": 0.6842105263153677,
            "accuracy": 0.92181396484375,
            "sensitivity": 0.8073007562530488,
            "specificity": 0.9522246253667249
        },
        "IMD397.png": {
            "dice": 0.6898048857036435,
            "iou": 0.526490198426747,
            "accuracy": 0.81903076171875,
            "sensitivity": 0.5762037927114497,
            "specificity": 0.9493317702225207
        },
        "IMD405.png": {
            "dice": 0.8022886204701198,
            "iou": 0.6698513800420184,
            "accuracy": 0.924072265625,
            "sensitivity": 0.9382899628244067,
            "specificity": 0.9212793924344748
        },
        "IMD425.png": {
            "dice": 0.595228325224152,
            "iou": 0.42371891170081394,
            "accuracy": 0.4731903076171875,
            "sensitivity": 0.4569839241029619,
            "specificity": 0.563332332031077
        },
        "IMD426.png": {
            "dice": 0.7707503294904228,
            "iou": 0.6270087745241479,
            "accuracy": 0.7690887451171875,
            "sensitivity": 0.6757783444903104,
            "specificity": 0.8950236626986608
        },
        "IMD429.png": {
            "dice": 0.803790458218483,
            "iou": 0.6719478737992648,
            "accuracy": 0.9270172119140625,
            "sensitivity": 0.8284288855058105,
            "specificity": 0.9487246322843143
        },
        "IMD435.png": {
            "dice": 0.768254476434315,
            "iou": 0.6237120100995817,
            "accuracy": 0.69073486328125,
            "sensitivity": 0.6582866324409887,
            "specificity": 0.8049234588327093
        }
    },
    "num_images": 30
}