{
    "average": {
        "dice": 0.8314686707504987,
        "iou": 0.730314409342374,
        "accuracy": 0.8882242838541666,
        "sensitivity": 0.910925585915878,
        "specificity": 0.8874660247070799
    },
    "std": {
        "dice": 0.13125073073966387,
        "iou": 0.1684831642136694,
        "accuracy": 0.12472826728680525,
        "sensitivity": 0.11069306719168558,
        "specificity": 0.14154059418172976
    },
    "per_image": {
        "IMD010.png": {
            "dice": 0.4464795728298626,
            "iou": 0.28739858518832684,
            "accuracy": 0.727935791015625,
            "sensitivity": 0.9999999999986093,
            "specificity": 0.6944039763474686
        },
        "IMD013.png": {
            "dice": 0.9044162129458165,
            "iou": 0.8255107675311806,
            "accuracy": 0.96142578125,
            "sensitivity": 0.9029822574549619,
            "specificity": 0.976229179017235
        },
        "IMD014.png": {
            "dice": 0.7865738261023413,
            "iou": 0.6482255311633665,
            "accuracy": 0.817596435546875,
            "sensitivity": 0.7931729799795502,
            "specificity": 0.8355576739749933
        },
        "IMD031.png": {
            "dice": 0.9848740236418035,
            "iou": 0.9701988192392408,
            "accuracy": 0.9790496826171875,
            "sensitivity": 0.9907791200263791,
            "specificity": 0.9531364771554022
        },
        "IMD032.png": {
            "dice": 0.828856895602104,
            "iou": 0.7077332330178666,
            "accuracy": 0.8340301513671875,
            "sensitivity": 0.8433877681713597,
            "specificity": 0.8255115723194703
        },
        "IMD036.png": {
            "dice": 0.8123906921593579,
            "iou": 0.684055511181938,
            "accuracy": 0.806854248046875,
            "sensitivity": 0.9975975538726712,
            "specificity": 0.6691887347623295
        },
        "IMD038.png": {
            "dice": 0.808269578928454,
            "iou": 0.6782318925799488,
            "accuracy": 0.9499053955078125,
            "sensitivity": 0.9999999999985549,
            "specificity": 0.9439914016649134
        },
        "IMD045.png": {
            "dice": 0.87869079573913,
            "iou": 0.7836293436281334,
            "accuracy": 0.9786224365234375,
            "sensitivity": 0.8536339165530726,
            "specificity": 0.9910894079740584
        },
        "IMD085.png": {
            "dice": 0.4537643989052928,
            "iou": 0.29346394468219184,
            "accuracy": 0.47613525390625,
            "sensitivity": 0.9980403135491335,
            "specificity": 0.3306275366842939
        },
        "IMD101.png": {
            "dice": 0.9240997229915678,
            "iou": 0.8589083419153404,
            "accuracy": 0.912200927734375,
            "sensitivity": 0.9387361312105541,
            "specificity": 0.8771171426543558
        },
        "IMD103.png": {
            "dice": 0.9328063241099489,
            "iou": 0.8740740740728046,
            "accuracy": 0.9867706298828125,
            "sensitivity": 0.9938893476449316,
            "specificity": 0.9860459642573283
        },
        "IMD105.png": {
            "dice": 0.8089859279353764,
            "iou": 0.6792412843057335,
            "accuracy": 0.9538116455078125,
            "sensitivity": 0.9998440180923416,
            "specificity": 0.9488202959829263
        },
        "IMD108.png": {
            "dice": 0.931116389548167,
            "iou": 0.8711111111101892,
            "accuracy": 0.981414794921875,
            "sensitivity": 0.9037215940268923,
            "specificity": 0.9939567937333202
        },
        "IMD120.png": {
            "dice": 0.8536049439228992,
            "iou": 0.7445992892222398,
            "accuracy": 0.90240478515625,
            "sensitivity": 0.8062870238246178,
            "specificity": 0.954820910655532
        },
        "IMD138.png": {
            "dice": 0.8810220186521492,
            "iou": 0.7873452680372899,
            "accuracy": 0.9342041015625,
            "sensitivity": 0.9998747416540364,
            "specificity": 0.9130504952690366
        },
        "IMD204.png": {
            "dice": 0.91764705882203,
            "iou": 0.8478260869539619,
            "accuracy": 0.9923095703125,
            "sensitivity": 0.9999999999964387,
            "specificity": 0.991965310546966
        },
        "IMD206.png": {
            "dice": 0.6406774410075692,
            "iou": 0.4713211274022097,
            "accuracy": 0.8938140869140625,
            "sensitivity": 0.9999999999983882,
            "specificity": 0.8827108474346251
        },
        "IMD226.png": {
            "dice": 0.7277961644827656,
            "iou": 0.572075122055318,
            "accuracy": 0.8167724609375,
            "sensitivity": 0.9077184054278158,
            "specificity": 0.7831602265363768
        },
        "IMD312.png": {
            "dice": 0.907942168300745,
            "iou": 0.831404841342492,
            "accuracy": 0.9637603759765625,
            "sensitivity": 0.9897743598402857,
            "specificity": 0.9580284155445771
        },
        "IMD365.png": {
            "dice": 0.947397502485939,
            "iou": 0.9000524934373751,
            "accuracy": 0.9854736328125,
            "sensitivity": 0.9864227361627126,
            "specificity": 0.9853285249360568
        },
        "IMD370.png": {
            "dice": 0.9488181548659277,
            "iou": 0.9026203784416683,
            "accuracy": 0.9710235595703125,
            "sensitivity": 0.9160551652350163,
            "specificity": 0.9938256946091419
        },
        "IMD380.png": {
            "dice": 0.9232068401325153,
            "iou": 0.8573669248104525,
            "accuracy": 0.9777984619140625,
            "sensitivity": 0.8628650355161178,
            "specificity": 0.9988267148012638
        },
        "IMD383.png": {
            "dice": 0.9489833916727869,
            "iou": 0.9029195011325072,
            "accuracy": 0.9895477294921875,
            "sensitivity": 0.9602110022592913,
            "specificity": 0.992852413371421
        },
        "IMD394.png": {
            "dice": 0.9200874771444735,
            "iou": 0.8520018591057353,
            "accuracy": 0.9659881591796875,
            "sensitivity": 0.933100639906244,
            "specificity": 0.9747219218289482
        },
        "IMD397.png": {
            "dice": 0.8346100715808529,
            "iou": 0.7161637931031396,
            "accuracy": 0.8995208740234375,
            "sensitivity": 0.7259896880185589,
            "specificity": 0.9926377491205176
        },
        "IMD405.png": {
            "dice": 0.7601711509171223,
            "iou": 0.6131258773978632,
            "accuracy": 0.899078369140625,
            "sensitivity": 0.9741635687723288,
            "specificity": 0.8843289031691098
        },
        "IMD425.png": {
            "dice": 0.6576098885229992,
            "iou": 0.4898798664416905,
            "accuracy": 0.5477447509765625,
            "sensitivity": 0.5123944625464882,
            "specificity": 0.7443676779806304
        },
        "IMD426.png": {
            "dice": 0.822176416234157,
            "iou": 0.6980471673061777,
            "accuracy": 0.8091278076171875,
            "sensitivity": 0.7681967909890639,
            "specificity": 0.8643697117449934
        },
        "IMD429.png": {
            "dice": 0.9121658483357056,
            "iou": 0.8385155466393189,
            "accuracy": 0.965606689453125,
            "sensitivity": 0.9896837476737783,
            "specificity": 0.9603053435112716
        },
        "IMD435.png": {
            "dice": 0.8388192239951024,
            "iou": 0.7223846978255214,
            "accuracy": 0.7667999267578125,
            "sensitivity": 0.7792452090761495,
            "specificity": 0.723003723623829
        }
    },
    "num_images": 30
}