{
    "average": {
        "dice": 0.7700377874049232,
        "iou": 0.6549701908825496,
        "accuracy": 0.8433120727539063,
        "sensitivity": 0.9022927253780932,
        "specificity": 0.8437551470348803
    },
    "std": {
        "dice": 0.17411071659418756,
        "iou": 0.20600493648972723,
        "accuracy": 0.16482772637922963,
        "sensitivity": 0.12401741455658531,
        "specificity": 0.20364148296462772
    },
    "per_image": {
        "IMD010.png": {
            "dice": 0.34231446660628784,
            "iou": 0.20650145019090646,
            "accuracy": 0.578369140625,
            "sensitivity": 0.9999999999986093,
            "specificity": 0.5264032907703271
        },
        "IMD013.png": {
            "dice": 0.9084068105803783,
            "iou": 0.8321843882732176,
            "accuracy": 0.963226318359375,
            "sensitivity": 0.9023027557562081,
            "specificity": 0.9786578952399115
        },
        "IMD014.png": {
            "dice": 0.8032664305389998,
            "iou": 0.6712157584923308,
            "accuracy": 0.847442626953125,
            "sensitivity": 0.7349488693645633,
            "specificity": 0.9301715919921274
        },
        "IMD031.png": {
            "dice": 0.916946189823674,
            "iou": 0.8466303162484523,
            "accuracy": 0.8927001953125,
            "sensitivity": 0.8604233625178188,
            "specificity": 0.9640076391944743
        },
        "IMD032.png": {
            "dice": 0.8855229330755563,
            "iou": 0.7945636203347651,
            "accuracy": 0.8933258056640625,
            "sensitivity": 0.8658021133522684,
            "specificity": 0.9183816242054107
        },
        "IMD036.png": {
            "dice": 0.7202674357628841,
            "iou": 0.5628265278943304,
            "accuracy": 0.674407958984375,
            "sensitivity": 0.9999635993007425,
            "specificity": 0.4394440941570935
        },
        "IMD038.png": {
            "dice": 0.7049355676663246,
            "iou": 0.5443247069924138,
            "accuracy": 0.9116058349609375,
            "sensitivity": 0.9999999999985549,
            "specificity": 0.9011703289202776
        },
        "IMD045.png": {
            "dice": 0.8666541986152358,
            "iou": 0.7646864686456029,
            "accuracy": 0.978240966796875,
            "sensitivity": 0.7796096904428338,
            "specificity": 0.9980534299904353
        },
        "IMD085.png": {
            "dice": 0.3284534112621771,
            "iou": 0.19649671356763723,
            "accuracy": 0.270660400390625,
            "sensitivity": 0.8180991041427644,
            "specificity": 0.1180338744926401
        },
        "IMD101.png": {
            "dice": 0.940525694337371,
            "iou": 0.8877286493032375,
            "accuracy": 0.929290771484375,
            "sensitivity": 0.9819638741488499,
            "specificity": 0.8596485011689959
        },
        "IMD103.png": {
            "dice": 0.8826880934982595,
            "iou": 0.7900104602500131,
            "accuracy": 0.975494384765625,
            "sensitivity": 0.9978530140363372,
            "specificity": 0.9732183386289786
        },
        "IMD105.png": {
            "dice": 0.42730029659731816,
            "iou": 0.2716985929817462,
            "accuracy": 0.7377777099609375,
            "sensitivity": 0.9999999999984402,
            "specificity": 0.7093446088793727
        },
        "IMD108.png": {
            "dice": 0.9227033171432661,
            "iou": 0.856498800958411,
            "accuracy": 0.9771728515625,
            "sensitivity": 0.9802393237446697,
            "specificity": 0.976677831534376
        },
        "IMD120.png": {
            "dice": 0.913399904068174,
            "iou": 0.840603555519547,
            "accuracy": 0.93939208984375,
            "sensitivity": 0.9057378821287215,
            "specificity": 0.9577448183166409
        },
        "IMD138.png": {
            "dice": 0.543992640921155,
            "iou": 0.3736194309246599,
            "accuracy": 0.5915374755859375,
            "sensitivity": 0.9999999999993736,
            "specificity": 0.4599648974156308
        },
        "IMD204.png": {
            "dice": 0.8542300669494002,
            "iou": 0.7455511288160809,
            "accuracy": 0.985382080078125,
            "sensitivity": 0.9996438746403147,
            "specificity": 0.9847436551458704
        },
        "IMD206.png": {
            "dice": 0.6899466192166982,
            "iou": 0.5266553480470911,
            "accuracy": 0.9149169921875,
            "sensitivity": 0.9999999999983882,
            "specificity": 0.9060203600079374
        },
        "IMD226.png": {
            "dice": 0.7177266906517231,
            "iou": 0.5597298839640606,
            "accuracy": 0.7881011962890625,
            "sensitivity": 0.9983036471580444,
            "specificity": 0.7104135754737184
        },
        "IMD312.png": {
            "dice": 0.9339956288492215,
            "iou": 0.8761649146344023,
            "accuracy": 0.9746551513671875,
            "sensitivity": 0.9931547367523086,
            "specificity": 0.9705789248271102
        },
        "IMD365.png": {
            "dice": 0.6308568939859068,
            "iou": 0.460767681051606,
            "accuracy": 0.8448028564453125,
            "sensitivity": 0.9999999999988493,
            "specificity": 0.8210748526693956
        },
        "IMD370.png": {
            "dice": 0.9540161725064815,
            "iou": 0.912075452249182,
            "accuracy": 0.973968505859375,
            "sensitivity": 0.9209992193593958,
            "specificity": 0.9959413656870544
        },
        "IMD380.png": {
            "dice": 0.9059158562135802,
            "iou": 0.8280129653267576,
            "accuracy": 0.9732818603515625,
            "sensitivity": 0.8316890292020208,
            "specificity": 0.9991877256315886
        },
        "IMD383.png": {
            "dice": 0.5869690905045198,
            "iou": 0.41539720508597794,
            "accuracy": 0.8582916259765625,
            "sensitivity": 0.9945742275795109,
            "specificity": 0.8429398482197513
        },
        "IMD394.png": {
            "dice": 0.9230882787123844,
            "iou": 0.8571624400268285,
            "accuracy": 0.96820068359375,
            "sensitivity": 0.9093949970906708,
            "specificity": 0.9838173953342764
        },
        "IMD397.png": {
            "dice": 0.803246670893899,
            "iou": 0.6711881649778851,
            "accuracy": 0.8816375732421875,
            "sensitivity": 0.691864021672336,
            "specificity": 0.9834701055097343
        },
        "IMD405.png": {
            "dice": 0.8332189430332944,
            "iou": 0.7141176470583293,
            "accuracy": 0.9369659423828125,
            "sensitivity": 0.9590148698875844,
            "specificity": 0.9326347305387519
        },
        "IMD425.png": {
            "dice": 0.6615022599132542,
            "iou": 0.49421245931306784,
            "accuracy": 0.556610107421875,
            "sensitivity": 0.5111343138489421,
            "specificity": 0.809552418142776
        },
        "IMD426.png": {
            "dice": 0.8333429262114607,
            "iou": 0.7142998100592728,
            "accuracy": 0.823272705078125,
            "sensitivity": 0.7692328126658249,
            "specificity": 0.8962067976477498
        },
        "IMD429.png": {
            "dice": 0.8856548856545509,
            "iou": 0.7947761194024459,
            "accuracy": 0.9538421630859375,
            "sensitivity": 0.9906139015719679,
            "specificity": 0.9457456711969939
        },
        "IMD435.png": {
            "dice": 0.7800452483542583,
            "iou": 0.6394050658862246,
            "accuracy": 0.7047882080078125,
            "sensitivity": 0.6722185209858776,
            "specificity": 0.8194042201070063
        }
    },
    "num_images": 30
}