{
    "average": {
        "dice": 0.8150143764829416,
        "iou": 0.6877899169917677,
        "accuracy": 0.6877899169921875,
        "sensitivity": 0.9999999999991125,
        "specificity": 0.0
    },
    "std": {
        "dice": 0.002185122956421635,
        "iou": 0.0031060763430437724,
        "accuracy": 0.0031060763430456654,
        "sensitivity": 4.020479198558836e-15,
        "specificity": 0.0
    },
    "per_image": {
        "01_test.png": {
            "dice": 0.8097780683590099,
            "iou": 0.6803588867183347,
            "accuracy": 0.68035888671875,
            "sensitivity": 0.9999999999991028,
            "specificity": 0.0
        },
        "02_test.png": {
            "dice": 0.8112030184295417,
            "iou": 0.6823730468745834,
            "accuracy": 0.682373046875,
            "sensitivity": 0.9999999999991055,
            "specificity": 0.0
        },
        "03_test.png": {
            "dice": 0.8124524335879344,
            "iou": 0.6841430664058324,
            "accuracy": 0.68414306640625,
            "sensitivity": 0.9999999999991078,
            "specificity": 0.0
        },
        "04_test.png": {
            "dice": 0.8164842705960138,
            "iou": 0.6898803710933289,
            "accuracy": 0.68988037109375,
            "sensitivity": 0.9999999999991153,
            "specificity": 0.0
        },
        "05_test.png": {
            "dice": 0.817167815759731,
            "iou": 0.6908569335933283,
            "accuracy": 0.69085693359375,
            "sensitivity": 0.9999999999991165,
            "specificity": 0.0
        },
        "06_test.png": {
            "dice": 0.8158855201818321,
            "iou": 0.6890258789058294,
            "accuracy": 0.68902587890625,
            "sensitivity": 0.9999999999991142,
            "specificity": 0.0
        },
        "07_test.png": {
            "dice": 0.8166979633104086,
            "iou": 0.6901855468745787,
            "accuracy": 0.690185546875,
            "sensitivity": 0.9999999999991156,
            "specificity": 0.0
        },
        "08_test.png": {
            "dice": 0.8115479471925099,
            "iou": 0.6828613281245832,
            "accuracy": 0.682861328125,
            "sensitivity": 0.9999999999991062,
            "specificity": 0.0
        },
        "09_test.png": {
            "dice": 0.8162277374369364,
            "iou": 0.6895141601558291,
            "accuracy": 0.68951416015625,
            "sensitivity": 0.9999999999991147,
            "specificity": 0.0
        },
        "10_test.png": {
            "dice": 0.8157999349496527,
            "iou": 0.6889038085933294,
            "accuracy": 0.68890380859375,
            "sensitivity": 0.9999999999991139,
            "specificity": 0.0
        },
        "11_test.png": {
            "dice": 0.8169115788710629,
            "iou": 0.6904907226558286,
            "accuracy": 0.69049072265625,
            "sensitivity": 0.999999999999116,
            "specificity": 0.0
        },
        "12_test.png": {
            "dice": 0.8161422016688406,
            "iou": 0.6893920898433292,
            "accuracy": 0.68939208984375,
            "sensitivity": 0.9999999999991146,
            "specificity": 0.0
        },
        "13_test.png": {
            "dice": 0.8162705006860717,
            "iou": 0.6895751953120791,
            "accuracy": 0.6895751953125,
            "sensitivity": 0.9999999999991148,
            "specificity": 0.0
        },
        "14_test.png": {
            "dice": 0.8130546600496927,
            "iou": 0.6849975585933319,
            "accuracy": 0.68499755859375,
            "sensitivity": 0.9999999999991089,
            "specificity": 0.0
        },
        "15_test.png": {
            "dice": 0.8157999349496527,
            "iou": 0.6889038085933294,
            "accuracy": 0.68890380859375,
            "sensitivity": 0.9999999999991139,
            "specificity": 0.0
        },
        "16_test.png": {
            "dice": 0.8166552309411662,
            "iou": 0.6901245117183288,
            "accuracy": 0.69012451171875,
            "sensitivity": 0.9999999999991155,
            "specificity": 0.0
        },
        "17_test.png": {
            "dice": 0.8131836291195895,
            "iou": 0.6851806640620818,
            "accuracy": 0.6851806640625,
            "sensitivity": 0.9999999999991092,
            "specificity": 0.0
        },
        "18_test.png": {
            "dice": 0.8167406925935013,
            "iou": 0.6902465820308287,
            "accuracy": 0.69024658203125,
            "sensitivity": 0.9999999999991157,
            "specificity": 0.0
        },
        "19_test.png": {
            "dice": 0.8160566535387448,
            "iou": 0.6892700195308292,
            "accuracy": 0.68927001953125,
            "sensitivity": 0.9999999999991144,
            "specificity": 0.0
        },
        "20_test.png": {
            "dice": 0.8162277374369364,
            "iou": 0.6895141601558291,
            "accuracy": 0.68951416015625,
            "sensitivity": 0.9999999999991147,
            "specificity": 0.0
        }
    },
    "num_images": 20
}