{
    "average": {
        "dice": 0.3001035070892278,
        "iou": 0.1767171561829297,
        "accuracy": 0.4336549789186508,
        "sensitivity": 0.17673502115282919,
        "specificity": 0.9997980415678125
    },
    "std": {
        "dice": 0.02071886121553746,
        "iou": 0.014354694972145976,
        "accuracy": 0.01110169281311266,
        "sensitivity": 0.014373467726616082,
        "specificity": 0.00033310189232663373
    },
    "per_image": {
        "01_test.png": {
            "dice": 0.3374410167463081,
            "iou": 0.2029648392298979,
            "accuracy": 0.4576078869047619,
            "sensitivity": 0.20308511414192057,
            "specificity": 0.9987401147463756
        },
        "02_test.png": {
            "dice": 0.33959276018098267,
            "iou": 0.20452377708133693,
            "accuracy": 0.45703125,
            "sensitivity": 0.20460741548526878,
            "specificity": 0.9991217798593873
        },
        "03_test.png": {
            "dice": 0.2988799901334184,
            "iou": 0.17569600522003118,
            "accuracy": 0.43603050595238096,
            "sensitivity": 0.1757278561328371,
            "specificity": 0.9996075045136
        },
        "04_test.png": {
            "dice": 0.29247592372327463,
            "iou": 0.17128655916877117,
            "accuracy": 0.4283172123015873,
            "sensitivity": 0.17129194774143197,
            "specificity": 0.9999300356817024
        },
        "05_test.png": {
            "dice": 0.29719022927850314,
            "iou": 0.17452931876975358,
            "accuracy": 0.4301959325396825,
            "sensitivity": 0.17452931876975358,
            "specificity": 0.9999999999999
        },
        "06_test.png": {
            "dice": 0.29771734223030516,
            "iou": 0.17489301255078868,
            "accuracy": 0.43095858134920634,
            "sensitivity": 0.17489537115704554,
            "specificity": 0.9999700320655899
        },
        "07_test.png": {
            "dice": 0.27900306902601796,
            "iou": 0.16211712177087892,
            "accuracy": 0.4217137896825397,
            "sensitivity": 0.16212149117092756,
            "specificity": 0.9999399657803949
        },
        "08_test.png": {
            "dice": 0.28713937494896385,
            "iou": 0.16763732597356443,
            "accuracy": 0.43152591765873016,
            "sensitivity": 0.16767918925544775,
            "specificity": 0.9994624601730879
        },
        "09_test.png": {
            "dice": 0.25343470721620986,
            "iou": 0.14510462807392047,
            "accuracy": 0.41003844246031745,
            "sensitivity": 0.14510462807392047,
            "specificity": 0.9999999999999
        },
        "10_test.png": {
            "dice": 0.29889578439098646,
            "iou": 0.1757069212152758,
            "accuracy": 0.4319134424603175,
            "sensitivity": 0.1757085020242836,
            "specificity": 0.9999800518650509
        },
        "11_test.png": {
            "dice": 0.30215629930561283,
            "iou": 0.17796473207871633,
            "accuracy": 0.43232266865079366,
            "sensitivity": 0.17796632996632197,
            "specificity": 0.9999799619275624
        },
        "12_test.png": {
            "dice": 0.29874056378403063,
            "iou": 0.1755996513080363,
            "accuracy": 0.43121589781746034,
            "sensitivity": 0.17560044036036865,
            "specificity": 0.9999900014996751
        },
        "13_test.png": {
            "dice": 0.3106421593381233,
            "iou": 0.18388179926191137,
            "accuracy": 0.4371248759920635,
            "sensitivity": 0.18388593210586054,
            "specificity": 0.9999500479538643
        },
        "14_test.png": {
            "dice": 0.3142854962181515,
            "iou": 0.18644052448564788,
            "accuracy": 0.442937748015873,
            "sensitivity": 0.18647936309539137,
            "specificity": 0.9995478759999804
        },
        "15_test.png": {
            "dice": 0.2765791707197865,
            "iou": 0.160482666810578,
            "accuracy": 0.4213014632936508,
            "sensitivity": 0.160482666810578,
            "specificity": 0.9999999999999002
        },
        "16_test.png": {
            "dice": 0.30672238551714315,
            "iou": 0.18114122745951444,
            "accuracy": 0.4347625248015873,
            "sensitivity": 0.18114854971568403,
            "specificity": 0.9999099225332787
        },
        "17_test.png": {
            "dice": 0.2726899480333512,
            "iou": 0.15786971639681996,
            "accuracy": 0.42335379464285716,
            "sensitivity": 0.1578740050528303,
            "specificity": 0.9999409994688969
        },
        "18_test.png": {
            "dice": 0.3005490351794749,
            "iou": 0.17685066612746614,
            "accuracy": 0.4320560515873016,
            "sensitivity": 0.1768546394068669,
            "specificity": 0.9999500049994001
        },
        "19_test.png": {
            "dice": 0.3328684751150774,
            "iou": 0.1996653954090721,
            "accuracy": 0.44830109126984125,
            "sensitivity": 0.19966719136495614,
            "specificity": 0.999980041911885
        },
        "20_test.png": {
            "dice": 0.30506641069883383,
            "iou": 0.17998723526661303,
            "accuracy": 0.4343905009920635,
            "sensitivity": 0.17999047122488898,
            "specificity": 0.9999600303768137
        }
    },
    "num_images": 20
}