{
    "average": {
        "dice": 0.7563477441506551,
        "iou": 0.6363958542625809,
        "accuracy": 0.8152389526367188,
        "sensitivity": 0.9873990471383103,
        "specificity": 0.7060745607756288
    },
    "std": {
        "dice": 0.17646107248696577,
        "iou": 0.20085208385128733,
        "accuracy": 0.1860042228308127,
        "sensitivity": 0.02982160362863402,
        "specificity": 0.2771056173015944
    },
    "per_image": {
        "IMD010.png": {
            "dice": 0.30106131334904,
            "iou": 0.17720551996052805,
            "accuracy": 0.4905242919921875,
            "sensitivity": 0.9999999999986093,
            "specificity": 0.427731596537762
        },
        "IMD013.png": {
            "dice": 0.7871044421331788,
            "iou": 0.6489465948061495,
            "accuracy": 0.8906707763671875,
            "sensitivity": 0.9999999999992449,
            "specificity": 0.8629783327913287
        },
        "IMD014.png": {
            "dice": 0.7494216504230162,
            "iou": 0.5992600548990097,
            "accuracy": 0.7438201904296875,
            "sensitivity": 0.904004032838505,
            "specificity": 0.6260194894606965
        },
        "IMD031.png": {
            "dice": 0.9357240635499092,
            "iou": 0.8792118956208215,
            "accuracy": 0.905426025390625,
            "sensitivity": 0.9999999999997784,
            "specificity": 0.6964889084762271
        },
        "IMD032.png": {
            "dice": 0.8235976687147837,
            "iou": 0.700098637015625,
            "accuracy": 0.795867919921875,
            "sensitivity": 0.9999999999996798,
            "specificity": 0.6100390602225237
        },
        "IMD036.png": {
            "dice": 0.7679212847138649,
            "iou": 0.6232729087731418,
            "accuracy": 0.7466278076171875,
            "sensitivity": 0.999999999999636,
            "specificity": 0.5637610340477712
        },
        "IMD038.png": {
            "dice": 0.7283060569379949,
            "iou": 0.572705453943083,
            "accuracy": 0.9212188720703125,
            "sensitivity": 0.9999999999985549,
            "specificity": 0.9119182475772977
        },
        "IMD045.png": {
            "dice": 0.5799590203919505,
            "iou": 0.40841005909000383,
            "accuracy": 0.868621826171875,
            "sensitivity": 0.9999999999983177,
            "specificity": 0.855517519129941
        },
        "IMD085.png": {
            "dice": 0.37301587301582434,
            "iou": 0.22926829268289006,
            "accuracy": 0.26708984375,
            "sensitivity": 0.9999999999993,
            "specificity": 0.06275366843582916
        },
        "IMD101.png": {
            "dice": 0.7983482744602154,
            "iou": 0.6643757567123666,
            "accuracy": 0.712371826171875,
            "sensitivity": 0.9999999999997321,
            "specificity": 0.3320813549711813
        },
        "IMD103.png": {
            "dice": 0.8001324064873881,
            "iou": 0.6668505848591184,
            "accuracy": 0.9539337158203125,
            "sensitivity": 0.9980181668026458,
            "specificity": 0.9494460415929542
        },
        "IMD105.png": {
            "dice": 0.5615188985352269,
            "iou": 0.3903554227882763,
            "accuracy": 0.847412109375,
            "sensitivity": 0.998752144749651,
            "specificity": 0.8310021141647643
        },
        "IMD108.png": {
            "dice": 0.8974025298001679,
            "iou": 0.8138985931443546,
            "accuracy": 0.9699249267578125,
            "sensitivity": 0.9463168295082376,
            "specificity": 0.9737359774574276
        },
        "IMD120.png": {
            "dice": 0.9094356367741924,
            "iou": 0.8339128504842664,
            "accuracy": 0.931488037109375,
            "sensitivity": 0.9747913693946578,
            "specificity": 0.9078733287743386
        },
        "IMD138.png": {
            "dice": 0.8236568569289356,
            "iou": 0.7001841782140413,
            "accuracy": 0.8956756591796875,
            "sensitivity": 0.9999999999993736,
            "specificity": 0.8620710524721374
        },
        "IMD204.png": {
            "dice": 0.8469310812835968,
            "iou": 0.7345017002334959,
            "accuracy": 0.9845123291015625,
            "sensitivity": 0.9999999999964387,
            "specificity": 0.9838190281850236
        },
        "IMD206.png": {
            "dice": 0.6537407797678325,
            "iou": 0.48559799624257544,
            "accuracy": 0.89971923828125,
            "sensitivity": 0.9999999999983882,
            "specificity": 0.8892334659204326
        },
        "IMD226.png": {
            "dice": 0.5440785122059186,
            "iou": 0.3737004479755782,
            "accuracy": 0.5477447509765625,
            "sensitivity": 0.9999999999994345,
            "specificity": 0.3805981066225616
        },
        "IMD312.png": {
            "dice": 0.833339202084287,
            "iou": 0.7142943377998827,
            "accuracy": 0.9277801513671875,
            "sensitivity": 0.9999999999991548,
            "specificity": 0.9118671210172781
        },
        "IMD365.png": {
            "dice": 0.9253326092854057,
            "iou": 0.861040929761636,
            "accuracy": 0.9790191650390625,
            "sensitivity": 0.9803244735922444,
            "specificity": 0.978819597149973
        },
        "IMD370.png": {
            "dice": 0.9207141299869382,
            "iou": 0.8530771647884127,
            "accuracy": 0.9500579833984375,
            "sensitivity": 0.9890189955758578,
            "specificity": 0.933896073055216
        },
        "IMD380.png": {
            "dice": 0.9469971401330091,
            "iou": 0.899330074234203,
            "accuracy": 0.9830322265625,
            "sensitivity": 0.9800710339374703,
            "specificity": 0.9835740072200391
        },
        "IMD383.png": {
            "dice": 0.8746436857799968,
            "iou": 0.7772148916107714,
            "accuracy": 0.9711456298828125,
            "sensitivity": 0.9942727957784563,
            "specificity": 0.9685404322505614
        },
        "IMD394.png": {
            "dice": 0.8625188158552237,
            "iou": 0.7582708425227402,
            "accuracy": 0.93310546875,
            "sensitivity": 0.9999999999992728,
            "specificity": 0.9153406457591312
        },
        "IMD397.png": {
            "dice": 0.8227047235601369,
            "iou": 0.6988091603051301,
            "accuracy": 0.8494873046875,
            "sensitivity": 0.999999999999563,
            "specificity": 0.7687221570924341
        },
        "IMD405.png": {
            "dice": 0.3210742260350137,
            "iou": 0.19123789211762354,
            "accuracy": 0.3056488037109375,
            "sensitivity": 0.9999999999990705,
            "specificity": 0.16925295749960398
        },
        "IMD425.png": {
            "dice": 0.8793229375889349,
            "iou": 0.784635437881746,
            "accuracy": 0.798309326171875,
            "sensitivity": 0.8669282975389536,
            "specificity": 0.41664163412394445
        },
        "IMD426.png": {
            "dice": 0.7739778332747752,
            "iou": 0.6312918756943148,
            "accuracy": 0.665802001953125,
            "sensitivity": 0.9961746891932324,
            "specificity": 0.21991969023367994
        },
        "IMD429.png": {
            "dice": 0.7368224299063125,
            "iou": 0.5833086712042106,
            "accuracy": 0.87109375,
            "sensitivity": 0.9999999999991543,
            "specificity": 0.8427108545893051
        },
        "IMD435.png": {
            "dice": 0.9116282415565846,
            "iou": 0.8376074025114281,
            "accuracy": 0.85003662109375,
            "sensitivity": 0.993298585256693,
            "specificity": 0.3458833264374942
        }
    },
    "num_images": 30
}