{
    "average": {
        "dice": 0.7434782607725149,
        "iou": 0.6098148133722957,
        "accuracy": 0.8616678873697917,
        "sensitivity": 0.8462920110379443,
        "specificity": 0.9292182024475405
    },
    "std": {
        "dice": 0.13733371106614814,
        "iou": 0.16704728278209607,
        "accuracy": 0.11154435077303056,
        "sensitivity": 0.17583759569236698,
        "specificity": 0.05821883115960428
    },
    "per_image": {
        "IMD010.png": {
            "dice": 0.6479885057459627,
            "iou": 0.47927736450457153,
            "accuracy": 0.88037109375,
            "sensitivity": 0.9999999999944568,
            "specificity": 0.8655692729760867
        },
        "IMD013.png": {
            "dice": 0.6311684819139018,
            "iou": 0.46110019646274836,
            "accuracy": 0.83258056640625,
            "sensitivity": 0.7088492902424982,
            "specificity": 0.8639179989284296
        },
        "IMD014.png": {
            "dice": 0.8234217749307536,
            "iou": 0.6998444790037587,
            "accuracy": 0.858642578125,
            "sensitivity": 0.7792207792196548,
            "specificity": 0.9168605881098827
        },
        "IMD031.png": {
            "dice": 0.8303308728638671,
            "iou": 0.7098852603700707,
            "accuracy": 0.79937744140625,
            "sensitivity": 0.7126528442311602,
            "specificity": 0.9913691643762429
        },
        "IMD032.png": {
            "dice": 0.7729569093604955,
            "iou": 0.6299346088633688,
            "accuracy": 0.8134765625,
            "sensitivity": 0.6667521148414935,
            "specificity": 0.946865532508801
        },
        "IMD036.png": {
            "dice": 0.8685362295340666,
            "iou": 0.7676217765031983,
            "accuracy": 0.9010009765625,
            "sensitivity": 0.7805944055932684,
            "specificity": 0.9878151260493825
        },
        "IMD038.png": {
            "dice": 0.6413549227607643,
            "iou": 0.47205479451925464,
            "accuracy": 0.88238525390625,
            "sensitivity": 0.9988405797043546,
            "specificity": 0.8686813561628565
        },
        "IMD045.png": {
            "dice": 0.5527638190944486,
            "iou": 0.3819444444434621,
            "accuracy": 0.85333251953125,
            "sensitivity": 0.999999999993266,
            "specificity": 0.8387140076509573
        },
        "IMD085.png": {
            "dice": 0.7061189921652486,
            "iou": 0.5457371952208383,
            "accuracy": 0.83056640625,
            "sensitivity": 0.9362717574370122,
            "specificity": 0.8012010606763366
        },
        "IMD101.png": {
            "dice": 0.7864891198435943,
            "iou": 0.6481104806758932,
            "accuracy": 0.79937744140625,
            "sensitivity": 0.6488050584067636,
            "specificity": 0.9985821636169027
        },
        "IMD103.png": {
            "dice": 0.6450782757867358,
            "iou": 0.4761000316540801,
            "accuracy": 0.89898681640625,
            "sensitivity": 0.9953673064130023,
            "specificity": 0.889195185906751
        },
        "IMD105.png": {
            "dice": 0.6893266940881374,
            "iou": 0.5259332672595773,
            "accuracy": 0.91241455078125,
            "sensitivity": 0.9974937343295897,
            "specificity": 0.9032323505538928
        },
        "IMD108.png": {
            "dice": 0.786433492314456,
            "iou": 0.6480349344959301,
            "accuracy": 0.92620849609375,
            "sensitivity": 0.9776021080325973,
            "specificity": 0.9179130927901623
        },
        "IMD120.png": {
            "dice": 0.8659693976361941,
            "iou": 0.7636208368902415,
            "accuracy": 0.91552734375,
            "sensitivity": 0.7751386962538572,
            "specificity": 0.9918048229078825
        },
        "IMD138.png": {
            "dice": 0.9121989121977309,
            "iou": 0.838571428569432,
            "accuracy": 0.9586181640625,
            "sensitivity": 0.8853695324261304,
            "specificity": 0.9821054328542784
        },
        "IMD204.png": {
            "dice": 0.35508735868356867,
            "iou": 0.21587004061163428,
            "accuracy": 0.8468017578125,
            "sensitivity": 0.9999999999855282,
            "specificity": 0.8400560759568979
        },
        "IMD206.png": {
            "dice": 0.6876254180586675,
            "iou": 0.5239551478065785,
            "accuracy": 0.91448974609375,
            "sensitivity": 0.999999999993515,
            "specificity": 0.9056057135150885
        },
        "IMD226.png": {
            "dice": 0.9404639469764136,
            "iou": 0.8876186367539094,
            "accuracy": 0.96820068359375,
            "sensitivity": 0.9322609877640864,
            "specificity": 0.981453634084393
        },
        "IMD312.png": {
            "dice": 0.8698907021996258,
            "iou": 0.7697403285618184,
            "accuracy": 0.94696044921875,
            "sensitivity": 0.9820824881643608,
            "specificity": 0.9392224042894837
        },
        "IMD365.png": {
            "dice": 0.8281700981319451,
            "iou": 0.7067323481093375,
            "accuracy": 0.94549560546875,
            "sensitivity": 0.9930779879972632,
            "specificity": 0.9382429485820227
        },
        "IMD370.png": {
            "dice": 0.884157509156497,
            "iou": 0.7923676651604589,
            "accuracy": 0.938232421875,
            "sensitivity": 0.8057583976615779,
            "specificity": 0.9930118195142843
        },
        "IMD380.png": {
            "dice": 0.8890912402096356,
            "iou": 0.800327868849835,
            "accuracy": 0.96282958984375,
            "sensitivity": 0.9667326732634981,
            "specificity": 0.9621184789660422
        },
        "IMD383.png": {
            "dice": 0.5688345377050791,
            "iou": 0.39746245468566166,
            "accuracy": 0.85797119140625,
            "sensitivity": 0.9274924471243052,
            "specificity": 0.8501595491880981
        },
        "IMD394.png": {
            "dice": 0.9127436281845386,
            "iou": 0.8394925537759529,
            "accuracy": 0.9644775390625,
            "sensitivity": 0.8882404435340291,
            "specificity": 0.9846415065208114
        },
        "IMD397.png": {
            "dice": 0.8690453596499629,
            "iou": 0.768417519716784,
            "accuracy": 0.915771484375,
            "sensitivity": 0.800524475523076,
            "specificity": 0.9775881470358424
        },
        "IMD405.png": {
            "dice": 0.737949665859892,
            "iou": 0.5847228481284706,
            "accuracy": 0.88751220703125,
            "sensitivity": 0.9664804469237748,
            "specificity": 0.8720344550690765
        },
        "IMD425.png": {
            "dice": 0.5217622645522391,
            "iou": 0.352962349722588,
            "accuracy": 0.451416015625,
            "sensitivity": 0.352962349722588,
            "specificity": 0.9999999999959888
        },
        "IMD426.png": {
            "dice": 0.6570115582783338,
            "iou": 0.48921609290699997,
            "accuracy": 0.6993408203125,
            "sensitivity": 0.502021706745582,
            "specificity": 0.9647867162883413
        },
        "IMD429.png": {
            "dice": 0.7980184005650417,
            "iou": 0.6639189825702687,
            "accuracy": 0.91290283203125,
            "sensitivity": 0.954299255243892,
            "specificity": 0.9037974683537574
        },
        "IMD435.png": {
            "dice": 0.6243597347276517,
            "iou": 0.45386846437214556,
            "accuracy": 0.57476806640625,
            "sensitivity": 0.45386846437214556,
            "specificity": 0.999999999997243
        }
    },
    "num_images": 30
}