{
    "average": {
        "dice": 0.7012985424917877,
        "iou": 0.5522636375140111,
        "accuracy": 0.8394989013671875,
        "sensitivity": 0.7784962131051925,
        "specificity": 0.8775785984998749
    },
    "std": {
        "dice": 0.11935631428448663,
        "iou": 0.13471612117927956,
        "accuracy": 0.12376285080059424,
        "sensitivity": 0.17729479782603985,
        "specificity": 0.13824244366366722
    },
    "per_image": {
        "IMD010.png": {
            "dice": 0.5811492755980053,
            "iou": 0.40959155575928774,
            "accuracy": 0.84295654296875,
            "sensitivity": 0.9929078014170589,
            "specificity": 0.8244751049788629
        },
        "IMD013.png": {
            "dice": 0.6848578642988169,
            "iou": 0.5207481729217635,
            "accuracy": 0.881927490234375,
            "sensitivity": 0.6348055870134882,
            "specificity": 0.9445220018739469
        },
        "IMD014.png": {
            "dice": 0.6330672534467958,
            "iou": 0.4631297736067188,
            "accuracy": 0.7608184814453125,
            "sensitivity": 0.48689327380077524,
            "specificity": 0.9622656498249756
        },
        "IMD031.png": {
            "dice": 0.9212552084558345,
            "iou": 0.854006634078026,
            "accuracy": 0.897918701171875,
            "sensitivity": 0.8674276848053049,
            "specificity": 0.9652808383522035
        },
        "IMD032.png": {
            "dice": 0.7473258110564274,
            "iou": 0.5965843454367615,
            "accuracy": 0.8028411865234375,
            "sensitivity": 0.6118475824525739,
            "specificity": 0.9767096134784071
        },
        "IMD036.png": {
            "dice": 0.7885706080837407,
            "iou": 0.6509422780607679,
            "accuracy": 0.7753143310546875,
            "sensitivity": 0.9995631916129151,
            "specificity": 0.6134667927699103
        },
        "IMD038.png": {
            "dice": 0.6862844579735687,
            "iou": 0.5223995880531047,
            "accuracy": 0.9150848388671875,
            "sensitivity": 0.8796242774553763,
            "specificity": 0.919271188753767
        },
        "IMD045.png": {
            "dice": 0.35377937924792907,
            "iou": 0.21490398965255703,
            "accuracy": 0.8795928955078125,
            "sensitivity": 0.3633916554502635,
            "specificity": 0.9310813532016159
        },
        "IMD085.png": {
            "dice": 0.43132519208410475,
            "iou": 0.27496150885291093,
            "accuracy": 0.4251556396484375,
            "sensitivity": 0.9999300111975084,
            "specificity": 0.2649078988447813
        },
        "IMD101.png": {
            "dice": 0.8802446788588877,
            "iou": 0.7861044839348066,
            "accuracy": 0.8536224365234375,
            "sensitivity": 0.9448464383338842,
            "specificity": 0.7330097087376043
        },
        "IMD103.png": {
            "dice": 0.70352868978171,
            "iou": 0.5426488686920925,
            "accuracy": 0.9262847900390625,
            "sensitivity": 0.9466556564806826,
            "specificity": 0.9242110926176554
        },
        "IMD105.png": {
            "dice": 0.6852265119389169,
            "iou": 0.5211745735377058,
            "accuracy": 0.913909912109375,
            "sensitivity": 0.9578848853518049,
            "specificity": 0.9091416490484721
        },
        "IMD108.png": {
            "dice": 0.7457827177491045,
            "iou": 0.5946200298011178,
            "accuracy": 0.9211273193359375,
            "sensitivity": 0.8323635964421644,
            "specificity": 0.9354564304320742
        },
        "IMD120.png": {
            "dice": 0.772831197963683,
            "iou": 0.6297676380635463,
            "accuracy": 0.83929443359375,
            "sensitivity": 0.7746357071817466,
            "specificity": 0.8745549293779918
        },
        "IMD138.png": {
            "dice": 0.7828362904238624,
            "iou": 0.6431643371099813,
            "accuracy": 0.8683319091796875,
            "sensitivity": 0.9740715225145775,
            "specificity": 0.834271419637105
        },
        "IMD204.png": {
            "dice": 0.5263157894730215,
            "iou": 0.35714285714224686,
            "accuracy": 0.942596435546875,
            "sensitivity": 0.7443019942993436,
            "specificity": 0.9514730263995422
        },
        "IMD206.png": {
            "dice": 0.6659228143865411,
            "iou": 0.4991636327851036,
            "accuracy": 0.922332763671875,
            "sensitivity": 0.8176982591863029,
            "specificity": 0.9332737814331333
        },
        "IMD226.png": {
            "dice": 0.7357284739613232,
            "iou": 0.5819386570118922,
            "accuracy": 0.813232421875,
            "sensitivity": 0.9634153237201224,
            "specificity": 0.7577271112409861
        },
        "IMD312.png": {
            "dice": 0.7802835051543249,
            "iou": 0.6397253037502378,
            "accuracy": 0.916748046875,
            "sensitivity": 0.8187272880919304,
            "specificity": 0.9383460886727114
        },
        "IMD365.png": {
            "dice": 0.7082401104390402,
            "iou": 0.5482753537731808,
            "accuracy": 0.9064788818359375,
            "sensitivity": 0.85594292946628,
            "specificity": 0.9142052951005517
        },
        "IMD370.png": {
            "dice": 0.8598571323364853,
            "iou": 0.7541661284068577,
            "accuracy": 0.9128875732421875,
            "sensitivity": 0.9114754098355912,
            "specificity": 0.9134733706092456
        },
        "IMD380.png": {
            "dice": 0.6846656611359051,
            "iou": 0.5205259536728686,
            "accuracy": 0.904296875,
            "sensitivity": 0.6717640094705289,
            "specificity": 0.9468411552344862
        },
        "IMD383.png": {
            "dice": 0.7106983564485179,
            "iou": 0.5512273718125758,
            "accuracy": 0.9277496337890625,
            "sensitivity": 0.8765636774666518,
            "specificity": 0.9335155600073117
        },
        "IMD394.png": {
            "dice": 0.7739358667120187,
            "iou": 0.6312360387188934,
            "accuracy": 0.9093170166015625,
            "sensitivity": 0.7397469458982404,
            "specificity": 0.9543488336163769
        },
        "IMD397.png": {
            "dice": 0.7214725195179357,
            "iou": 0.5642995794239064,
            "accuracy": 0.835601806640625,
            "sensitivity": 0.6097177313638863,
            "specificity": 0.9568112543960242
        },
        "IMD405.png": {
            "dice": 0.7844266288697416,
            "iou": 0.6453140941549006,
            "accuracy": 0.9257354736328125,
            "sensitivity": 0.8229553903338076,
            "specificity": 0.9459252227251085
        },
        "IMD425.png": {
            "dice": 0.542336248982844,
            "iou": 0.37205854135043315,
            "accuracy": 0.450714111328125,
            "sensitivity": 0.3839673081422917,
            "specificity": 0.8219685591260418
        },
        "IMD426.png": {
            "dice": 0.7022668885620361,
            "iou": 0.5411489329912247,
            "accuracy": 0.7188262939453125,
            "sensitivity": 0.577303155881262,
            "specificity": 0.9098307758493798
        },
        "IMD429.png": {
            "dice": 0.6658432220209688,
            "iou": 0.49907419653451984,
            "accuracy": 0.8844146728515625,
            "sensitivity": 0.6381701336033839,
            "specificity": 0.9386334016010168
        },
        "IMD435.png": {
            "dice": 0.7788979197915398,
            "iou": 0.6378647063303425,
            "accuracy": 0.7098541259765625,
            "sensitivity": 0.6562879648860258,
            "specificity": 0.898358847054959
        }
    },
    "num_images": 30
}