{
    "average": {
        "dice": 0.7300496018319369,
        "iou": 0.6016024999431403,
        "accuracy": 0.8249766031901041,
        "sensitivity": 0.8977750523087707,
        "specificity": 0.7939988710197114
    },
    "std": {
        "dice": 0.17112184979893602,
        "iou": 0.19992428149549835,
        "accuracy": 0.14881476664673848,
        "sensitivity": 0.11926506965863408,
        "specificity": 0.2153312895873331
    },
    "per_image": {
        "IMD010.png": {
            "dice": 0.42492465874832336,
            "iou": 0.26978052898132815,
            "accuracy": 0.7030029296875,
            "sensitivity": 0.9999999999986093,
            "specificity": 0.666398148941526
        },
        "IMD013.png": {
            "dice": 0.85845491120378,
            "iou": 0.7520113919538967,
            "accuracy": 0.9468536376953125,
            "sensitivity": 0.7974329935818818,
            "specificity": 0.9847010001719255
        },
        "IMD014.png": {
            "dice": 0.7927855550421192,
            "iou": 0.6567064852092448,
            "accuracy": 0.8425750732421875,
            "sensitivity": 0.7106438139130381,
            "specificity": 0.9395985594743832
        },
        "IMD031.png": {
            "dice": 0.9090713748521638,
            "iou": 0.8333005055477134,
            "accuracy": 0.8837738037109375,
            "sensitivity": 0.8439765044883423,
            "specificity": 0.9716958033392235
        },
        "IMD032.png": {
            "dice": 0.7949183902727822,
            "iou": 0.6596386367996437,
            "accuracy": 0.810577392578125,
            "sensitivity": 0.7703810438678289,
            "specificity": 0.8471695913248858
        },
        "IMD036.png": {
            "dice": 0.7204636647346359,
            "iou": 0.563066202090477,
            "accuracy": 0.674713134765625,
            "sensitivity": 0.999999999999636,
            "specificity": 0.43994325346772806
        },
        "IMD038.png": {
            "dice": 0.7056184358107955,
            "iou": 0.5451394359535645,
            "accuracy": 0.911895751953125,
            "sensitivity": 0.9999999999985549,
            "specificity": 0.9014944724988226
        },
        "IMD045.png": {
            "dice": 0.8151958844471554,
            "iou": 0.6880427521698597,
            "accuracy": 0.97149658203125,
            "sensitivity": 0.6931359353958729,
            "specificity": 0.9992616458583369
        },
        "IMD085.png": {
            "dice": 0.3493944303015738,
            "iou": 0.21167651237564278,
            "accuracy": 0.3565521240234375,
            "sensitivity": 0.7924832026870153,
            "specificity": 0.23501404932870845
        },
        "IMD101.png": {
            "dice": 0.9210326499619184,
            "iou": 0.853624208303811,
            "accuracy": 0.90478515625,
            "sensitivity": 0.9752371763946575,
            "specificity": 0.811636312096658
        },
        "IMD103.png": {
            "dice": 0.8201029531286778,
            "iou": 0.6950631458086164,
            "accuracy": 0.95947265625,
            "sensitivity": 0.99983484723204,
            "specificity": 0.9553638977150762
        },
        "IMD105.png": {
            "dice": 0.414227563481161,
            "iou": 0.2612150103898214,
            "accuracy": 0.72332763671875,
            "sensitivity": 0.9999999999984402,
            "specificity": 0.6933276955601365
        },
        "IMD108.png": {
            "dice": 0.8145976181880121,
            "iou": 0.6871908059968892,
            "accuracy": 0.937286376953125,
            "sensitivity": 0.9912174772192432,
            "specificity": 0.9285802895775199
        },
        "IMD120.png": {
            "dice": 0.8843920386539997,
            "iou": 0.7927444669603875,
            "accuracy": 0.92041015625,
            "sensitivity": 0.8626713365326836,
            "specificity": 0.9518970029944229
        },
        "IMD138.png": {
            "dice": 0.4868358868815479,
            "iou": 0.3217336987184006,
            "accuracy": 0.4863739013671875,
            "sensitivity": 0.9999999999993736,
            "specificity": 0.3209263854424497
        },
        "IMD204.png": {
            "dice": 0.6346871818071788,
            "iou": 0.4648657606886562,
            "accuracy": 0.9507293701171875,
            "sensitivity": 0.9989316239280666,
            "specificity": 0.948571610763782
        },
        "IMD206.png": {
            "dice": 0.5134911438501434,
            "iou": 0.3454342984407876,
            "accuracy": 0.82061767578125,
            "sensitivity": 0.9999999999983882,
            "specificity": 0.8018607159710103
        },
        "IMD226.png": {
            "dice": 0.7942737654815611,
            "iou": 0.6587513340445728,
            "accuracy": 0.8633880615234375,
            "sensitivity": 0.9772688719248078,
            "specificity": 0.821299450377041
        },
        "IMD312.png": {
            "dice": 0.7882416615923185,
            "iou": 0.6504941097645857,
            "accuracy": 0.90447998046875,
            "sensitivity": 0.984619285049451,
            "specificity": 0.8868219652531727
        },
        "IMD365.png": {
            "dice": 0.4644985435983901,
            "iou": 0.3025060911937687,
            "accuracy": 0.6942291259765625,
            "sensitivity": 0.9999999999988493,
            "specificity": 0.6474799894448681
        },
        "IMD370.png": {
            "dice": 0.9550248386151596,
            "iou": 0.913921090095122,
            "accuracy": 0.9741668701171875,
            "sensitivity": 0.9354670830075797,
            "specificity": 0.9902204183845362
        },
        "IMD380.png": {
            "dice": 0.9437597099943326,
            "iou": 0.8935085310836501,
            "accuracy": 0.983428955078125,
            "sensitivity": 0.898973954221686,
            "specificity": 0.9988808664258125
        },
        "IMD383.png": {
            "dice": 0.5252981496887653,
            "iou": 0.3562063406768639,
            "accuracy": 0.8171844482421875,
            "sensitivity": 0.9990957045953291,
            "specificity": 0.7966927556406859
        },
        "IMD394.png": {
            "dice": 0.8535197528854321,
            "iou": 0.7444696539984432,
            "accuracy": 0.9312591552734375,
            "sensitivity": 0.9544066317619586,
            "specificity": 0.9251120037075303
        },
        "IMD397.png": {
            "dice": 0.7564872399740628,
            "iou": 0.6083469862892953,
            "accuracy": 0.86138916015625,
            "sensitivity": 0.6165341256660768,
            "specificity": 0.9927784290736242
        },
        "IMD405.png": {
            "dice": 0.7226130653263738,
            "iou": 0.5656963021239936,
            "accuracy": 0.882080078125,
            "sensitivity": 0.93550185873519,
            "specificity": 0.8715860961003229
        },
        "IMD425.png": {
            "dice": 0.7771164021163243,
            "iou": 0.6354786371010316,
            "accuracy": 0.660614013671875,
            "sensitivity": 0.698032367819277,
            "specificity": 0.45248823470466354
        },
        "IMD426.png": {
            "dice": 0.6975640158596628,
            "iou": 0.5355841088190484,
            "accuracy": 0.6519927978515625,
            "sensitivity": 0.6987036446709439,
            "specificity": 0.5889502366267787
        },
        "IMD429.png": {
            "dice": 0.9265564006596134,
            "iou": 0.8631626302760267,
            "accuracy": 0.9721527099609375,
            "sensitivity": 0.9734483341781046,
            "specificity": 0.9718674362314333
        },
        "IMD435.png": {
            "dice": 0.8363401678001453,
            "iou": 0.7187153364390658,
            "accuracy": 0.7484893798828125,
            "sensitivity": 0.8252537524001989,
            "specificity": 0.4783478140942778
        }
    },
    "num_images": 30
}