{
    "average": {
        "dice": 0.7527957139204278,
        "iou": 0.6303500951046596,
        "accuracy": 0.8741017659505208,
        "sensitivity": 0.731931902690325,
        "specificity": 0.9575984889934941
    },
    "std": {
        "dice": 0.17182987021701704,
        "iou": 0.19610566901398752,
        "accuracy": 0.12652142047975504,
        "sensitivity": 0.25029176055710206,
        "specificity": 0.06352903149541496
    },
    "per_image": {
        "IMD010.png": {
            "dice": 0.7619602649002585,
            "iou": 0.6154570352613699,
            "accuracy": 0.9314422607421875,
            "sensitivity": 0.9999999999986093,
            "specificity": 0.9229925443481151
        },
        "IMD013.png": {
            "dice": 0.6269215608983904,
            "iou": 0.4565810248310201,
            "accuracy": 0.88446044921875,
            "sensitivity": 0.4803322008301394,
            "specificity": 0.9868237363980443
        },
        "IMD014.png": {
            "dice": 0.5489522322008203,
            "iou": 0.3783143769508169,
            "accuracy": 0.7356109619140625,
            "sensitivity": 0.379662969897602,
            "specificity": 0.9973784556718046
        },
        "IMD031.png": {
            "dice": 0.927004623552813,
            "iou": 0.8639409301298515,
            "accuracy": 0.9058074951171875,
            "sensitivity": 0.8688241161474303,
            "specificity": 0.9875128544140896
        },
        "IMD032.png": {
            "dice": 0.4856454720615401,
            "iou": 0.32069470068060285,
            "accuracy": 0.67413330078125,
            "sensitivity": 0.32283061159131515,
            "specificity": 0.9939369206549893
        },
        "IMD036.png": {
            "dice": 0.8737094952514399,
            "iou": 0.7757407982823153,
            "accuracy": 0.8788604736328125,
            "sensitivity": 0.9996359930107019,
            "specificity": 0.7916929382091237
        },
        "IMD038.png": {
            "dice": 0.8078023710793624,
            "iou": 0.6775742137741965,
            "accuracy": 0.9497833251953125,
            "sensitivity": 0.9994219653164749,
            "specificity": 0.9439231609115355
        },
        "IMD045.png": {
            "dice": 0.22894881673056006,
            "iou": 0.1292728402732609,
            "accuracy": 0.91448974609375,
            "sensitivity": 0.13997308209936074,
            "specificity": 0.9917438582358384
        },
        "IMD085.png": {
            "dice": 0.6079458532287312,
            "iou": 0.4367257226587063,
            "accuracy": 0.741912841796875,
            "sensitivity": 0.9178331466958861,
            "specificity": 0.6928660630657406
        },
        "IMD101.png": {
            "dice": 0.9117119122822838,
            "iou": 0.8377486830663229,
            "accuracy": 0.9031829833984375,
            "sensitivity": 0.8779814546816536,
            "specificity": 0.9365034370346054
        },
        "IMD103.png": {
            "dice": 0.9045930828008314,
            "iou": 0.8258055235891458,
            "accuracy": 0.9815216064453125,
            "sensitivity": 0.9481420313774598,
            "specificity": 0.9849195541431743
        },
        "IMD105.png": {
            "dice": 0.8336354762230974,
            "iou": 0.7147297943559126,
            "accuracy": 0.963592529296875,
            "sensitivity": 0.9324598346577251,
            "specificity": 0.9669682875262635
        },
        "IMD108.png": {
            "dice": 0.7960076397013147,
            "iou": 0.6611401084836136,
            "accuracy": 0.9494781494140625,
            "sensitivity": 0.7091887144574495,
            "specificity": 0.9882680277170525
        },
        "IMD120.png": {
            "dice": 0.7347554520429985,
            "iou": 0.5807220850936783,
            "accuracy": 0.847076416015625,
            "sensitivity": 0.6002075496170708,
            "specificity": 0.9817019972173403
        },
        "IMD138.png": {
            "dice": 0.898283752860155,
            "iou": 0.8153494651569138,
            "accuracy": 0.94573974609375,
            "sensitivity": 0.9834032692421973,
            "specificity": 0.9336076983596737
        },
        "IMD204.png": {
            "dice": 0.8424172567086409,
            "iou": 0.7277382645782995,
            "accuracy": 0.9853973388671875,
            "sensitivity": 0.9109686609654168,
            "specificity": 0.9887291161840026
        },
        "IMD206.png": {
            "dice": 0.8234903341521135,
            "iou": 0.6999435347253529,
            "accuracy": 0.9594573974609375,
            "sensitivity": 0.9990328820099952,
            "specificity": 0.955319220656483
        },
        "IMD226.png": {
            "dice": 0.7816653635650307,
            "iou": 0.6415851115029458,
            "accuracy": 0.897735595703125,
            "sensitivity": 0.6783715012718811,
            "specificity": 0.9788092202877727
        },
        "IMD312.png": {
            "dice": 0.9217797812835288,
            "iou": 0.8549086404452966,
            "accuracy": 0.971405029296875,
            "sensitivity": 0.9331530465639033,
            "specificity": 0.9798335288529543
        },
        "IMD365.png": {
            "dice": 0.8758493608194887,
            "iou": 0.7791209917008717,
            "accuracy": 0.96710205078125,
            "sensitivity": 0.8750431480832181,
            "specificity": 0.9811768845103385
        },
        "IMD370.png": {
            "dice": 0.8710887888232102,
            "iou": 0.7716185118891477,
            "accuracy": 0.931854248046875,
            "sensitivity": 0.7852719229764323,
            "specificity": 0.9926599166682515
        },
        "IMD380.png": {
            "dice": 0.7130523108172212,
            "iou": 0.5540647198100295,
            "accuracy": 0.9310302734375,
            "sensitivity": 0.5540647198100295,
            "specificity": 0.9999999999998196
        },
        "IMD383.png": {
            "dice": 0.8724132797373289,
            "iou": 0.7736994982825803,
            "accuracy": 0.973846435546875,
            "sensitivity": 0.8831951770898521,
            "specificity": 0.9840579956196017
        },
        "IMD394.png": {
            "dice": 0.8955963509400849,
            "iou": 0.8109320823979802,
            "accuracy": 0.9575653076171875,
            "sensitivity": 0.867364746945268,
            "specificity": 0.9815193882278346
        },
        "IMD397.png": {
            "dice": 0.527793444882958,
            "iou": 0.35850502298639597,
            "accuracy": 0.770050048828125,
            "sensitivity": 0.36799790264774623,
            "specificity": 0.9857913247359941
        },
        "IMD405.png": {
            "dice": 0.8821694505932369,
            "iou": 0.7891799441886855,
            "accuracy": 0.964263916015625,
            "sensitivity": 0.8147769516721052,
            "specificity": 0.993628596465424
        },
        "IMD425.png": {
            "dice": 0.595961853673,
            "iou": 0.42446272220740705,
            "accuracy": 0.503509521484375,
            "sensitivity": 0.4319969756430481,
            "specificity": 0.9012716531481914
        },
        "IMD426.png": {
            "dice": 0.40558521560566624,
            "iou": 0.254378734803149,
            "accuracy": 0.55828857421875,
            "sensitivity": 0.26235256614592967,
            "specificity": 0.9576939624261588
        },
        "IMD429.png": {
            "dice": 0.8751961971384926,
            "iou": 0.7780878717799393,
            "accuracy": 0.9575347900390625,
            "sensitivity": 0.8251310671395018,
            "specificity": 0.9866877676408515
        },
        "IMD435.png": {
            "dice": 0.751934423058232,
            "iou": 0.6024798992539762,
            "accuracy": 0.686920166015625,
            "sensitivity": 0.6093388721243467,
            "specificity": 0.9599365604737553
        }
    },
    "num_images": 30
}