{
    "average": {
        "dice": 0.8150733270078282,
        "iou": 0.6878738859719888,
        "accuracy": 0.6879119873046875,
        "sensitivity": 0.9999999999991125,
        "specificity": 0.00039102602386173674
    },
    "std": {
        "dice": 0.0021851726119916106,
        "iou": 0.0031064555490434055,
        "accuracy": 0.0031060763430456654,
        "sensitivity": 4.020479198558836e-15,
        "specificity": 3.848968807463823e-06
    },
    "per_image": {
        "01_test.png": {
            "dice": 0.8098368992695667,
            "iou": 0.6804419484796237,
            "accuracy": 0.68048095703125,
            "sensitivity": 0.9999999999991028,
            "specificity": 0.00038189803322439967
        },
        "02_test.png": {
            "dice": 0.8112618823014254,
            "iou": 0.6824563545350492,
            "accuracy": 0.6824951171875,
            "sensitivity": 0.9999999999991055,
            "specificity": 0.0003843197540346189
        },
        "03_test.png": {
            "dice": 0.8125113261567857,
            "iou": 0.6842265901595139,
            "accuracy": 0.68426513671875,
            "sensitivity": 0.9999999999991078,
            "specificity": 0.000386473429950944
        },
        "04_test.png": {
            "dice": 0.8165432544696346,
            "iou": 0.6899645952870894,
            "accuracy": 0.69000244140625,
            "sensitivity": 0.9999999999991153,
            "specificity": 0.00039362330249873327
        },
        "05_test.png": {
            "dice": 0.8172268149161339,
            "iou": 0.6909412770109321,
            "accuracy": 0.69097900390625,
            "sensitivity": 0.9999999999991165,
            "specificity": 0.0003948667324770092
        },
        "06_test.png": {
            "dice": 0.8159444906216559,
            "iou": 0.6891099987787271,
            "accuracy": 0.68914794921875,
            "sensitivity": 0.9999999999991142,
            "specificity": 0.00039254170755565745
        },
        "07_test.png": {
            "dice": 0.8167569519679246,
            "iou": 0.6902698083257903,
            "accuracy": 0.6903076171875,
            "sensitivity": 0.9999999999991156,
            "specificity": 0.00039401103230812844
        },
        "08_test.png": {
            "dice": 0.8116068190058717,
            "iou": 0.6829446953969704,
            "accuracy": 0.6829833984375,
            "sensitivity": 0.9999999999991062,
            "specificity": 0.00038491147036107603
        },
        "09_test.png": {
            "dice": 0.8162867155602384,
            "iou": 0.6895983396406485,
            "accuracy": 0.68963623046875,
            "sensitivity": 0.9999999999991147,
            "specificity": 0.0003931590328280064
        },
        "10_test.png": {
            "dice": 0.8158589034656779,
            "iou": 0.6889879135632468,
            "accuracy": 0.68902587890625,
            "sensitivity": 0.9999999999991139,
            "specificity": 0.00039238767902610873
        },
        "11_test.png": {
            "dice": 0.8169705723051753,
            "iou": 0.6905750213644911,
            "accuracy": 0.69061279296875,
            "sensitivity": 0.999999999999116,
            "specificity": 0.0003943995267197902
        },
        "12_test.png": {
            "dice": 0.8162011778730295,
            "iou": 0.6894762544251681,
            "accuracy": 0.68951416015625,
            "sensitivity": 0.9999999999991146,
            "specificity": 0.0003930045195512026
        },
        "13_test.png": {
            "dice": 0.8163294797684912,
            "iou": 0.6896593822483886,
            "accuracy": 0.689697265625,
            "sensitivity": 0.9999999999991148,
            "specificity": 0.0003932363350365843
        },
        "14_test.png": {
            "dice": 0.8131135663826071,
            "iou": 0.6850811866678762,
            "accuracy": 0.68511962890625,
            "sensitivity": 0.9999999999991089,
            "specificity": 0.00038752179810039235
        },
        "15_test.png": {
            "dice": 0.8158589034656779,
            "iou": 0.6889879135632468,
            "accuracy": 0.68902587890625,
            "sensitivity": 0.9999999999991139,
            "specificity": 0.00039238767902610873
        },
        "16_test.png": {
            "dice": 0.8167142186424874,
            "iou": 0.6902087657180501,
            "accuracy": 0.69024658203125,
            "sensitivity": 0.9999999999991155,
            "specificity": 0.00039393342525035664
        },
        "17_test.png": {
            "dice": 0.8132425383943737,
            "iou": 0.6852643144910967,
            "accuracy": 0.685302734375,
            "sensitivity": 0.9999999999991092,
            "specificity": 0.0003877471888321292
        },
        "18_test.png": {
            "dice": 0.8167996822069203,
            "iou": 0.6903308509335304,
            "accuracy": 0.69036865234375,
            "sensitivity": 0.9999999999991157,
            "specificity": 0.0003940886699499624
        },
        "19_test.png": {
            "dice": 0.81611562782265,
            "iou": 0.6893541692096878,
            "accuracy": 0.68939208984375,
            "sensitivity": 0.9999999999991144,
            "specificity": 0.0003928501276755198
        },
        "20_test.png": {
            "dice": 0.8162867155602384,
            "iou": 0.6895983396406485,
            "accuracy": 0.68963623046875,
            "sensitivity": 0.9999999999991147,
            "specificity": 0.0003931590328280064
        }
    },
    "num_images": 20
}