{
    "average": {
        "dice": 0.9749099795456342,
        "iou": 0.9510898934020059,
        "accuracy": 0.9663363405257936,
        "sensitivity": 0.9511649506638985,
        "specificity": 0.9998326987988646
    },
    "std": {
        "dice": 0.0047356191047085786,
        "iou": 0.009033490707594507,
        "accuracy": 0.006310898357953227,
        "sensitivity": 0.009205967586032532,
        "specificity": 0.0007292490284493761
    },
    "per_image": {
        "01_test.png": {
            "dice": 0.9787463834402652,
            "iou": 0.9583773977098242,
            "accuracy": 0.9716920882936508,
            "sensitivity": 0.9583773977098242,
            "specificity": 0.9999999999999031
        },
        "02_test.png": {
            "dice": 0.9813139051022023,
            "iou": 0.9633133406033731,
            "accuracy": 0.974968998015873,
            "sensitivity": 0.9633133406033731,
            "specificity": 0.9999999999999024
        },
        "03_test.png": {
            "dice": 0.9854582766163812,
            "iou": 0.9713334147853073,
            "accuracy": 0.9803602430555556,
            "sensitivity": 0.9728345600231603,
            "specificity": 0.9966539759791785
        },
        "04_test.png": {
            "dice": 0.9715797744499682,
            "iou": 0.9447303255148805,
            "accuracy": 0.961873759920635,
            "sensitivity": 0.9447303255148805,
            "specificity": 0.9999999999999001
        },
        "05_test.png": {
            "dice": 0.9778779546174209,
            "iou": 0.9567134952572148,
            "accuracy": 0.9701202876984127,
            "sensitivity": 0.9567134952572148,
            "specificity": 0.9999999999999
        },
        "06_test.png": {
            "dice": 0.9705086761646476,
            "iou": 0.9427069987817227,
            "accuracy": 0.9604879712301587,
            "sensitivity": 0.9427069987817227,
            "specificity": 0.9999999999999001
        },
        "07_test.png": {
            "dice": 0.9764570924129589,
            "iou": 0.9539972239316424,
            "accuracy": 0.9682508680555556,
            "sensitivity": 0.9539972239316424,
            "specificity": 0.9999999999999
        },
        "08_test.png": {
            "dice": 0.9795319808455254,
            "iou": 0.9598850355517585,
            "accuracy": 0.9726097470238095,
            "sensitivity": 0.9598850355517585,
            "specificity": 0.9999999999999023
        },
        "09_test.png": {
            "dice": 0.969260440036188,
            "iou": 0.9403543607758856,
            "accuracy": 0.9588386656746032,
            "sensitivity": 0.9403543607758856,
            "specificity": 0.9999999999999
        },
        "10_test.png": {
            "dice": 0.974671196009359,
            "iou": 0.9505937921726967,
            "accuracy": 0.9659505208333333,
            "sensitivity": 0.9505937921726967,
            "specificity": 0.9999999999999003
        },
        "11_test.png": {
            "dice": 0.9734171498096392,
            "iou": 0.948210998877623,
            "accuracy": 0.9642361111111111,
            "sensitivity": 0.948210998877623,
            "specificity": 0.9999999999998999
        },
        "12_test.png": {
            "dice": 0.9702878215464544,
            "iou": 0.9422903233053566,
            "accuracy": 0.9601841517857143,
            "sensitivity": 0.9422903233053566,
            "specificity": 0.9999999999999001
        },
        "13_test.png": {
            "dice": 0.968136942268913,
            "iou": 0.9382416930379325,
            "accuracy": 0.9574063740079365,
            "sensitivity": 0.9382416930379325,
            "specificity": 0.9999999999999001
        },
        "14_test.png": {
            "dice": 0.981034387286095,
            "iou": 0.9627747737955709,
            "accuracy": 0.9745163690476191,
            "sensitivity": 0.9627747737955709,
            "specificity": 0.9999999999999017
        },
        "15_test.png": {
            "dice": 0.9796361350187123,
            "iou": 0.9600850918379764,
            "accuracy": 0.9724857390873016,
            "sensitivity": 0.9600850918379764,
            "specificity": 0.9999999999999002
        },
        "16_test.png": {
            "dice": 0.9715858832441246,
            "iou": 0.9447418772400606,
            "accuracy": 0.9618582589285715,
            "sensitivity": 0.9447418772400606,
            "specificity": 0.9999999999999
        },
        "17_test.png": {
            "dice": 0.975270952416279,
            "iou": 0.951735441398814,
            "accuracy": 0.9669518849206349,
            "sensitivity": 0.951735441398814,
            "specificity": 0.9999999999999017
        },
        "18_test.png": {
            "dice": 0.9697999314897057,
            "iou": 0.941370478544105,
            "accuracy": 0.9595486111111111,
            "sensitivity": 0.941370478544105,
            "specificity": 0.9999999999999001
        },
        "19_test.png": {
            "dice": 0.9724167731529504,
            "iou": 0.9463143692376457,
            "accuracy": 0.962992931547619,
            "sensitivity": 0.9463143692376457,
            "specificity": 0.9999999999999002
        },
        "20_test.png": {
            "dice": 0.9712079349848913,
            "iou": 0.9440274356807256,
            "accuracy": 0.9613932291666667,
            "sensitivity": 0.9440274356807256,
            "specificity": 0.9999999999999001
        }
    },
    "num_images": 20
}