{
    "average": {
        "dice": 0.8962265608213735,
        "iou": 0.8120845923068183,
        "accuracy": 0.8406036376953125,
        "sensitivity": 0.9999286287795568,
        "specificity": 0.48969264018751846
    },
    "std": {
        "dice": 0.008907099728248791,
        "iou": 0.014690246064975593,
        "accuracy": 0.01495283443991758,
        "sensitivity": 0.0003110999335214282,
        "specificity": 0.04692207507631979
    },
    "per_image": {
        "01_test.png": {
            "dice": 0.8912965258062242,
            "iou": 0.8039088417706591,
            "accuracy": 0.83404541015625,
            "sensitivity": 0.9999999999991028,
            "specificity": 0.4808096238295192
        },
        "02_test.png": {
            "dice": 0.8817034700311981,
            "iou": 0.7884344146679911,
            "accuracy": 0.81689453125,
            "sensitivity": 0.9999999999991055,
            "specificity": 0.42352036894615
        },
        "03_test.png": {
            "dice": 0.9095932713010809,
            "iou": 0.8341779698905692,
            "accuracy": 0.86419677734375,
            "sensitivity": 0.9985725756079947,
            "specificity": 0.57314009661725
        },
        "04_test.png": {
            "dice": 0.899347549331278,
            "iou": 0.81710402660246,
            "accuracy": 0.8455810546875,
            "sensitivity": 0.9999999999991153,
            "specificity": 0.5020665223371343
        },
        "05_test.png": {
            "dice": 0.8988326848245458,
            "iou": 0.816254416960542,
            "accuracy": 0.844482421875,
            "sensitivity": 0.9999999999991165,
            "specificity": 0.49693978282231605
        },
        "06_test.png": {
            "dice": 0.8993069385800608,
            "iou": 0.8170369834256227,
            "accuracy": 0.845703125,
            "sensitivity": 0.9999999999991142,
            "specificity": 0.5038272816476863
        },
        "07_test.png": {
            "dice": 0.8912006935410446,
            "iou": 0.8037529319775366,
            "accuracy": 0.83148193359375,
            "sensitivity": 0.9999999999991156,
            "specificity": 0.45606776989665865
        },
        "08_test.png": {
            "dice": 0.8917227912163186,
            "iou": 0.8046026609127619,
            "accuracy": 0.83416748046875,
            "sensitivity": 0.9999999999991062,
            "specificity": 0.4770977675125537
        },
        "09_test.png": {
            "dice": 0.8905092227649021,
            "iou": 0.8026287744221651,
            "accuracy": 0.8304443359375,
            "sensitivity": 0.9999999999991147,
            "specificity": 0.45390210339993337
        },
        "10_test.png": {
            "dice": 0.909398541674693,
            "iou": 0.8338504728126227,
            "accuracy": 0.86273193359375,
            "sensitivity": 0.9999999999991139,
            "specificity": 0.5587600549331788
        },
        "11_test.png": {
            "dice": 0.8943790022923178,
            "iou": 0.8089381480151526,
            "accuracy": 0.8369140625,
            "sensitivity": 0.999999999999116,
            "specificity": 0.4730822323003883
        },
        "12_test.png": {
            "dice": 0.8935564257739435,
            "iou": 0.8075933075927301,
            "accuracy": 0.83575439453125,
            "sensitivity": 0.9999999999991146,
            "specificity": 0.4712124189418919
        },
        "13_test.png": {
            "dice": 0.8958135109416049,
            "iou": 0.8112882378279396,
            "accuracy": 0.839599609375,
            "sensitivity": 0.9999999999991148,
            "specificity": 0.48328745575996207
        },
        "14_test.png": {
            "dice": 0.8849201655821467,
            "iou": 0.7935935511237494,
            "accuracy": 0.82183837890625,
            "sensitivity": 0.9999999999991089,
            "specificity": 0.4344119356705398
        },
        "15_test.png": {
            "dice": 0.9114915610106955,
            "iou": 0.8373766599889921,
            "accuracy": 0.8662109375,
            "sensitivity": 0.9999999999991139,
            "specificity": 0.5699431037854229
        },
        "16_test.png": {
            "dice": 0.8907006971519592,
            "iou": 0.8029399233057783,
            "accuracy": 0.83062744140625,
            "sensitivity": 0.9999999999991155,
            "specificity": 0.4534173724631605
        },
        "17_test.png": {
            "dice": 0.8850520340583077,
            "iou": 0.7938056851924806,
            "accuracy": 0.822021484375,
            "sensitivity": 0.9999999999991092,
            "specificity": 0.43466459868081686
        },
        "18_test.png": {
            "dice": 0.8917011630195577,
            "iou": 0.8045674445071112,
            "accuracy": 0.83233642578125,
            "sensitivity": 0.9999999999991157,
            "specificity": 0.45871921182175623
        },
        "19_test.png": {
            "dice": 0.9145980967803544,
            "iou": 0.8426354275474983,
            "accuracy": 0.87127685546875,
            "sensitivity": 0.9999999999991144,
            "specificity": 0.5857395403642001
        },
        "20_test.png": {
            "dice": 0.8994068707452333,
            "iou": 0.8172019675920014,
            "accuracy": 0.84576416015625,
            "sensitivity": 0.9999999999991147,
            "specificity": 0.5032435620198482
        }
    },
    "num_images": 20
}